-- MySQL dump 10.13  Distrib 5.7.16, for Linux (x86_64)
--
-- Host: localhost    Database: mango
-- ------------------------------------------------------
-- Server version	5.7.13-0ubuntu0.16.04.2

/*!40101 SET @OLD_CHARACTER_SET_CLIENT=@@CHARACTER_SET_CLIENT */;
/*!40101 SET @OLD_CHARACTER_SET_RESULTS=@@CHARACTER_SET_RESULTS */;
/*!40101 SET @OLD_COLLATION_CONNECTION=@@COLLATION_CONNECTION */;
/*!40101 SET NAMES utf8 */;
/*!40103 SET @OLD_TIME_ZONE=@@TIME_ZONE */;
/*!40103 SET TIME_ZONE='+00:00' */;
/*!40014 SET @OLD_UNIQUE_CHECKS=@@UNIQUE_CHECKS, UNIQUE_CHECKS=0 */;
/*!40014 SET @OLD_FOREIGN_KEY_CHECKS=@@FOREIGN_KEY_CHECKS, FOREIGN_KEY_CHECKS=0 */;
/*!40101 SET @OLD_SQL_MODE=@@SQL_MODE, SQL_MODE='NO_AUTO_VALUE_ON_ZERO' */;
/*!40111 SET @OLD_SQL_NOTES=@@SQL_NOTES, SQL_NOTES=0 */;

--
-- Table structure for table `bodybuilding_cardioexercise`
--

DROP TABLE IF EXISTS `bodybuilding_cardioexercise`;
/*!40101 SET @saved_cs_client     = @@character_set_client */;
/*!40101 SET character_set_client = utf8 */;
CREATE TABLE `bodybuilding_cardioexercise` (
  `id` int(11) NOT NULL AUTO_INCREMENT,
  `name` varchar(20) NOT NULL,
  PRIMARY KEY (`id`)
) ENGINE=InnoDB AUTO_INCREMENT=5 DEFAULT CHARSET=latin1;
/*!40101 SET character_set_client = @saved_cs_client */;

--
-- Dumping data for table `bodybuilding_cardioexercise`
--

LOCK TABLES `bodybuilding_cardioexercise` WRITE;
/*!40000 ALTER TABLE `bodybuilding_cardioexercise` DISABLE KEYS */;
INSERT INTO `bodybuilding_cardioexercise` VALUES (1,'Run'),(2,'Elliptical'),(3,'Swim'),(4,'Bike');
/*!40000 ALTER TABLE `bodybuilding_cardioexercise` ENABLE KEYS */;
UNLOCK TABLES;

--
-- Table structure for table `bodybuilding_cardiotraining`
--

DROP TABLE IF EXISTS `bodybuilding_cardiotraining`;
/*!40101 SET @saved_cs_client     = @@character_set_client */;
/*!40101 SET character_set_client = utf8 */;
CREATE TABLE `bodybuilding_cardiotraining` (
  `id` int(11) NOT NULL AUTO_INCREMENT,
  `time` bigint(20) DEFAULT NULL,
  `distance` decimal(7,2) DEFAULT NULL,
  `exercise_id` int(11) NOT NULL,
  `workout_id` int(11) NOT NULL,
  PRIMARY KEY (`id`),
  KEY `b_exercise_id_777561715e36ade8_fk_bodybuilding_cardioexercise_id` (`exercise_id`),
  KEY `bodybuilding_cardiotraining_c1bc7825` (`workout_id`),
  CONSTRAINT `b_exercise_id_777561715e36ade8_fk_bodybuilding_cardioexercise_id` FOREIGN KEY (`exercise_id`) REFERENCES `bodybuilding_cardioexercise` (`id`),
  CONSTRAINT `bo_workout_id_558145b141f59e40_fk_bodybuilding_workoutsession_id` FOREIGN KEY (`workout_id`) REFERENCES `bodybuilding_workoutsession` (`id`)
) ENGINE=InnoDB AUTO_INCREMENT=41 DEFAULT CHARSET=latin1;
/*!40101 SET character_set_client = @saved_cs_client */;

--
-- Dumping data for table `bodybuilding_cardiotraining`
--

LOCK TABLES `bodybuilding_cardiotraining` WRITE;
/*!40000 ALTER TABLE `bodybuilding_cardiotraining` DISABLE KEYS */;
INSERT INTO `bodybuilding_cardiotraining` VALUES (1,NULL,0.50,1,3),(2,13864000000,0.50,1,4),(3,254000000,0.50,1,6),(4,233000000,0.50,1,7),(5,225000000,0.50,1,8),(6,875000000,1.58,1,10),(7,925000000,NULL,1,12),(8,10000000,1.00,2,13),(9,223000000,0.50,1,15),(10,360000000,0.60,1,16),(11,660000000,1.15,1,17),(12,1380000000,1100.00,3,18),(13,300000000,0.65,1,19),(14,600000000,4.00,4,22),(15,300000000,1.80,4,23),(16,300000000,1.90,4,24),(17,480000000,1.03,1,25),(18,480000000,1.03,1,26),(19,480000000,3.30,4,27),(20,510000000,1.10,1,28),(21,1800000000,1200.00,3,30),(22,1320000000,1000.00,3,31),(23,600000000,2.75,4,32),(24,300000000,1.33,4,33),(25,300000000,1.35,4,34),(26,600000000,2.75,4,35),(27,600000000,2.65,4,36),(28,480000000,0.86,2,37),(29,600000000,2.25,4,38),(30,600000000,3.00,4,39),(31,300000000,1.40,4,40),(32,900000000,3.60,4,41),(33,900000000,4.00,4,42),(34,600000000,2.43,4,45),(35,600000000,2.51,4,46),(36,270000000,0.50,1,48),(37,271000000,0.50,1,49),(38,600000000,2.56,4,51),(39,282000000,0.50,1,53),(40,600000000,2.70,4,54);
/*!40000 ALTER TABLE `bodybuilding_cardiotraining` ENABLE KEYS */;
UNLOCK TABLES;

--
-- Table structure for table `bodybuilding_set`
--

DROP TABLE IF EXISTS `bodybuilding_set`;
/*!40101 SET @saved_cs_client     = @@character_set_client */;
/*!40101 SET character_set_client = utf8 */;
CREATE TABLE `bodybuilding_set` (
  `id` int(11) NOT NULL AUTO_INCREMENT,
  `set` smallint(5) unsigned NOT NULL,
  `weight` decimal(5,1) NOT NULL,
  `reps` smallint(5) unsigned NOT NULL,
  `training_id` int(11) NOT NULL,
  PRIMARY KEY (`id`),
  KEY `bodybuilding_set_e160a0b9` (`training_id`),
  CONSTRAINT `b_training_id_5ea179eadc1f71c9_fk_bodybuilding_weighttraining_id` FOREIGN KEY (`training_id`) REFERENCES `bodybuilding_weighttraining` (`id`)
) ENGINE=InnoDB AUTO_INCREMENT=1119 DEFAULT CHARSET=latin1;
/*!40101 SET character_set_client = @saved_cs_client */;

--
-- Dumping data for table `bodybuilding_set`
--

LOCK TABLES `bodybuilding_set` WRITE;
/*!40000 ALTER TABLE `bodybuilding_set` DISABLE KEYS */;
INSERT INTO `bodybuilding_set` VALUES (1,1,60.0,10,1),(2,2,70.0,10,1),(3,3,75.0,8,1),(4,4,80.0,4,1),(5,5,40.0,5,1),(6,1,50.0,8,2),(7,2,55.0,7,2),(8,3,60.0,4,2),(9,4,40.0,5,2),(10,1,-34.0,8,3),(11,2,-34.0,7,3),(12,3,-34.0,5,3),(13,4,-34.0,5,3),(14,1,100.0,20,4),(15,2,100.0,20,4),(16,3,100.0,20,4),(17,1,-28.0,10,5),(18,2,-28.0,8,5),(19,3,-28.0,5,5),(20,4,-28.0,3,5),(21,1,60.0,8,6),(22,2,70.0,8,6),(23,3,75.0,6,6),(24,4,80.0,3,6),(25,5,45.0,5,6),(26,1,45.0,8,7),(27,2,50.0,7,7),(28,3,55.0,6,7),(29,4,40.0,5,7),(30,1,85.0,10,8),(31,2,95.0,8,8),(32,3,105.0,8,8),(33,1,55.0,8,9),(34,2,70.0,10,9),(35,3,75.0,8,9),(36,4,80.0,4,9),(37,5,55.0,5,9),(38,1,50.0,8,10),(39,2,50.0,8,10),(40,3,55.0,6,10),(41,4,40.0,4,10),(42,1,-40.0,10,11),(43,2,-40.0,8,11),(44,3,-40.0,6,11),(45,4,-40.0,6,11),(46,1,75.0,10,12),(47,2,75.0,8,12),(48,3,85.0,6,12),(49,1,100.0,10,13),(50,2,110.0,10,13),(51,3,110.0,8,13),(52,1,55.0,12,14),(53,2,65.0,10,14),(54,3,75.0,8,14),(55,4,85.0,5,14),(56,5,55.0,5,14),(57,1,55.0,12,15),(58,2,65.0,10,15),(59,3,65.0,8,15),(60,4,65.0,8,15),(61,1,65.0,10,16),(62,2,65.0,8,16),(63,3,65.0,5,16),(64,1,30.0,10,17),(65,2,35.0,8,17),(66,3,40.0,7,17),(67,4,25.0,4,17),(68,1,120.0,10,18),(69,2,120.0,10,18),(70,3,120.0,6,18),(71,4,100.0,7,18),(72,1,100.0,10,19),(73,2,100.0,7,19),(74,3,100.0,6,19),(75,4,80.0,5,19),(76,1,45.0,12,20),(77,2,65.0,10,20),(78,3,65.0,8,20),(79,4,75.0,5,20),(80,1,65.0,10,21),(81,2,65.0,10,21),(82,3,75.0,8,21),(83,1,65.0,10,22),(84,2,75.0,8,22),(85,3,85.0,6,22),(86,4,65.0,5,22),(87,1,65.0,10,23),(88,2,65.0,8,23),(89,3,75.0,3,23),(90,1,35.0,8,24),(91,2,35.0,6,24),(92,3,35.0,6,24),(93,4,20.0,5,24),(94,1,65.0,11,25),(95,2,65.0,8,25),(96,3,65.0,7,25),(97,4,30.0,5,25),(98,1,65.0,12,26),(99,2,65.0,8,26),(100,3,65.0,6,26),(101,1,65.0,8,27),(102,2,65.0,8,27),(103,3,65.0,6,27),(104,4,45.0,8,27),(105,1,30.0,10,28),(106,2,35.0,8,28),(107,3,35.0,5,28),(108,4,25.0,5,28),(109,1,100.0,10,29),(110,2,100.0,8,29),(111,3,100.0,6,29),(112,4,60.0,4,29),(113,1,110.0,12,30),(114,2,120.0,12,30),(115,3,130.0,8,30),(116,4,100.0,5,30),(117,1,75.0,8,31),(118,2,75.0,7,31),(119,3,75.0,5,31),(120,4,65.0,3,31),(121,1,25.0,10,32),(122,2,30.0,9,32),(123,3,30.0,7,32),(124,1,100.0,20,33),(125,2,100.0,20,33),(126,3,100.0,10,33),(127,1,55.0,6,34),(128,2,70.0,10,34),(129,3,75.0,8,34),(130,4,80.0,3,34),(131,5,55.0,4,34),(132,1,50.0,7,35),(133,2,50.0,7,35),(134,3,50.0,6,35),(135,4,40.0,5,35),(136,1,-40.0,10,36),(137,2,-40.0,8,36),(138,3,-40.0,5,36),(139,4,-40.0,3,36),(140,1,130.0,8,37),(141,2,130.0,7,37),(142,3,130.0,6,37),(143,4,100.0,5,37),(144,1,55.0,12,38),(145,2,55.0,10,38),(146,3,60.0,6,38),(147,4,30.0,8,38),(148,1,30.0,10,39),(149,2,30.0,8,39),(150,3,25.0,8,39),(151,1,110.0,12,40),(152,2,110.0,10,40),(153,3,110.0,8,40),(154,1,65.0,12,41),(155,2,65.0,10,41),(156,3,75.0,3,41),(157,4,40.0,5,41),(158,1,65.0,12,42),(159,2,65.0,10,42),(160,3,65.0,8,42),(161,1,30.0,8,43),(162,2,35.0,7,43),(163,3,35.0,4,43),(164,4,20.0,4,43),(165,1,30.0,10,44),(166,2,30.0,8,44),(167,3,35.0,5,44),(168,4,20.0,5,44),(169,1,25.0,10,45),(170,2,35.0,8,45),(171,3,35.0,6,45),(172,4,20.0,4,45),(173,1,75.0,8,46),(174,2,75.0,7,46),(175,3,75.0,5,46),(176,1,65.0,12,47),(177,2,70.0,9,47),(178,3,75.0,5,47),(179,4,75.0,3,47),(180,5,50.0,5,47),(181,1,45.0,8,48),(182,2,45.0,8,48),(183,3,45.0,6,48),(184,4,30.0,5,48),(185,1,-46.0,10,49),(186,2,-46.0,9,49),(187,3,-46.0,7,49),(188,4,-46.0,5,49),(189,1,130.0,10,50),(190,2,140.0,8,50),(191,3,140.0,5,50),(192,4,110.0,4,50),(193,1,60.0,10,51),(194,2,100.0,10,51),(195,3,140.0,5,51),(196,4,130.0,5,51),(197,5,120.0,5,51),(198,1,100.0,12,52),(199,2,130.0,8,52),(200,3,130.0,6,52),(201,4,100.0,5,52),(202,1,135.0,8,53),(203,2,135.0,6,53),(204,3,135.0,4,53),(205,1,60.0,12,54),(206,2,65.0,10,54),(207,3,70.0,6,54),(208,4,75.0,3,54),(209,5,40.0,7,54),(210,1,40.0,8,55),(211,2,45.0,7,55),(212,3,45.0,7,55),(213,4,30.0,5,55),(214,1,-58.0,10,56),(215,2,-58.0,9,56),(216,3,-58.0,8,56),(217,4,-52.0,4,56),(218,1,120.0,10,57),(219,2,130.0,7,57),(220,3,140.0,6,57),(221,1,65.0,12,58),(222,2,70.0,8,58),(223,3,75.0,5,58),(224,4,75.0,3,58),(225,5,45.0,5,58),(226,1,45.0,8,59),(227,2,50.0,7,59),(228,3,50.0,6,59),(229,4,30.0,5,59),(230,1,-58.0,10,60),(231,2,-58.0,9,60),(232,3,-58.0,7,60),(233,4,-46.0,4,60),(234,1,120.0,10,61),(235,2,130.0,8,61),(236,3,140.0,8,61),(237,4,120.0,5,61),(238,1,60.0,12,62),(239,2,65.0,10,62),(240,3,70.0,7,62),(241,4,75.0,3,62),(242,5,45.0,7,62),(243,1,45.0,8,63),(244,2,45.0,7,63),(245,3,50.0,6,63),(246,4,35.0,5,63),(247,1,-52.0,10,64),(248,2,-52.0,9,64),(249,3,-52.0,6,64),(250,4,-52.0,5,64),(251,1,120.0,10,65),(252,2,130.0,8,65),(253,3,130.0,6,65),(254,4,100.0,5,65),(255,1,135.0,12,66),(256,2,150.0,10,66),(257,3,170.0,2,66),(258,4,135.0,3,66),(259,1,75.0,10,67),(260,2,75.0,10,67),(261,3,85.0,8,67),(262,1,65.0,12,68),(263,2,65.0,10,68),(264,3,65.0,7,68),(265,4,75.0,2,68),(266,5,45.0,6,68),(267,1,55.0,8,69),(268,2,65.0,7,69),(269,3,65.0,6,69),(270,1,30.0,8,70),(271,2,30.0,8,70),(272,3,35.0,6,70),(273,4,25.0,4,70),(274,1,30.0,8,71),(275,2,35.0,8,71),(276,3,35.0,5,71),(277,4,25.0,5,71),(278,1,120.0,10,72),(279,2,120.0,11,72),(280,3,120.0,7,72),(281,4,100.0,5,72),(282,5,80.0,5,72),(283,1,110.0,8,73),(284,2,110.0,7,73),(285,3,110.0,5,73),(286,4,90.0,3,73),(287,1,85.0,8,74),(288,2,85.0,8,74),(289,3,85.0,8,74),(290,4,65.0,3,74),(291,1,65.0,8,75),(292,2,65.0,8,75),(293,3,65.0,6,75),(294,4,75.0,2,75),(295,5,45.0,8,75),(296,1,65.0,10,76),(297,2,75.0,6,76),(298,3,65.0,7,76),(299,4,45.0,8,76),(300,1,30.0,7,77),(301,2,30.0,7,77),(302,3,35.0,4,77),(303,4,20.0,4,77),(304,1,30.0,8,78),(305,2,35.0,8,78),(306,3,40.0,5,78),(307,4,25.0,5,78),(308,1,65.0,8,79),(309,2,75.0,8,79),(310,3,80.0,6,79),(311,4,80.0,4,79),(312,5,50.0,5,79),(313,1,65.0,10,80),(314,2,85.0,6,80),(315,3,95.0,7,80),(316,4,105.0,5,80),(317,1,35.0,12,81),(318,2,40.0,10,81),(319,3,45.0,8,81),(320,4,35.0,5,81),(321,5,50.0,5,81),(322,1,-40.0,8,82),(323,2,-30.0,7,82),(324,3,-30.0,5,82),(325,4,-50.0,5,82),(326,1,12.5,10,83),(327,2,10.0,11,83),(328,3,10.0,9,83),(329,1,45.0,10,84),(330,2,45.0,10,84),(331,3,50.0,10,84),(332,1,55.0,7,85),(333,2,55.0,7,85),(334,3,60.0,5,85),(335,1,60.0,10,86),(336,2,65.0,8,86),(337,3,70.0,6,86),(338,1,155.0,8,87),(339,2,165.0,4,87),(340,1,50.0,7,88),(341,2,50.0,7,88),(342,3,50.0,6,88),(343,1,135.0,11,89),(344,2,135.0,7,89),(345,3,115.0,6,89),(346,4,135.0,4,89),(347,5,75.0,5,89),(348,1,90.0,16,90),(349,2,100.0,12,90),(350,3,100.0,12,90),(351,4,110.0,9,90),(352,5,70.0,20,90),(353,1,150.0,40,91),(354,2,170.0,30,91),(355,3,200.0,30,91),(356,1,105.0,12,92),(357,2,90.0,12,92),(358,3,90.0,12,92),(359,4,90.0,10,92),(360,5,75.0,10,92),(361,1,35.0,8,93),(362,2,35.0,5,93),(363,3,27.5,7,93),(364,4,27.5,5,93),(365,5,20.0,3,93),(366,1,70.0,10,94),(367,2,75.0,8,94),(368,3,80.0,5,94),(369,4,80.0,3,94),(370,1,65.0,8,95),(371,2,65.0,7,95),(372,3,65.0,6,95),(373,4,35.0,6,95),(374,1,40.0,8,96),(375,2,40.0,6,96),(376,3,40.0,4,96),(377,4,25.0,5,96),(378,1,50.0,7,97),(379,2,50.0,7,97),(380,3,50.0,7,97),(381,1,135.0,8,98),(382,2,155.0,6,98),(383,3,155.0,2,98),(384,4,135.0,6,98),(385,1,70.0,20,99),(386,2,70.0,20,99),(387,3,70.0,20,99),(388,1,80.0,8,100),(389,2,100.0,8,100),(390,3,120.0,5,100),(391,4,80.0,8,100),(392,1,55.0,12,101),(393,2,65.0,7,101),(394,3,65.0,4,101),(395,4,55.0,5,101),(396,1,55.0,8,102),(397,2,55.0,7,102),(398,3,55.0,6,102),(399,1,30.0,12,103),(400,2,35.0,6,103),(401,3,35.0,4,103),(402,4,20.0,3,103),(403,1,20.0,14,104),(404,2,25.0,10,104),(405,3,25.0,8,104),(406,4,30.0,6,104),(407,5,15.0,5,104),(408,1,100.0,10,105),(409,2,110.0,10,105),(410,3,110.0,8,105),(411,4,90.0,6,105),(412,1,100.0,8,106),(413,2,90.0,8,106),(414,3,90.0,7,106),(415,4,70.0,5,106),(416,1,60.0,10,107),(417,2,60.0,10,107),(418,3,65.0,6,107),(419,1,45.0,8,108),(420,2,45.0,8,108),(421,3,55.0,5,108),(422,1,120.0,10,109),(423,2,135.0,8,109),(424,3,135.0,7,109),(425,4,105.0,6,109),(426,5,75.0,8,109),(427,1,0.0,5,110),(428,2,0.0,5,110),(429,3,0.0,4,110),(430,1,45.0,25,111),(431,2,90.0,20,111),(432,3,90.0,20,111),(433,1,37.5,8,112),(434,2,40.0,7,112),(435,3,40.0,5,112),(436,4,25.0,5,112),(437,1,65.0,10,113),(438,2,70.0,8,113),(439,3,70.0,4,113),(440,1,60.0,8,114),(441,2,60.0,7,114),(442,3,65.0,5,114),(443,1,35.0,8,115),(444,2,35.0,8,115),(445,3,40.0,4,115),(446,4,20.0,7,115),(447,1,37.5,8,116),(448,2,40.0,4,116),(449,3,35.0,5,116),(450,4,22.5,5,116),(451,1,50.0,10,117),(452,2,60.0,7,117),(453,3,50.0,5,117),(454,4,40.0,5,117),(455,5,30.0,5,117),(456,1,15.0,10,118),(457,2,17.5,8,118),(458,3,17.5,6,118),(459,1,60.0,8,119),(460,2,70.0,8,119),(461,3,70.0,5,119),(462,4,70.0,2,119),(463,1,45.0,8,120),(464,2,45.0,6,120),(465,3,45.0,6,120),(466,4,22.5,8,120),(467,1,65.0,10,121),(468,2,75.0,6,121),(469,3,75.0,5,121),(470,4,32.5,12,121),(471,1,45.0,8,122),(472,2,45.0,8,122),(473,3,50.0,5,122),(474,4,25.0,6,122),(475,1,120.0,10,123),(476,2,130.0,8,123),(477,3,130.0,7,123),(478,4,100.0,7,123),(479,1,32.5,10,124),(480,2,40.0,6,124),(481,3,40.0,8,124),(482,4,25.0,8,124),(483,1,145.0,7,125),(484,2,145.0,6,125),(485,3,145.0,5,125),(486,4,155.0,4,125),(487,1,25.0,10,126),(488,2,25.0,10,126),(489,3,30.0,8,126),(490,1,45.0,20,127),(491,2,45.0,20,127),(492,3,90.0,15,127),(493,1,0.0,5,128),(494,2,0.0,4,128),(495,3,0.0,5,128),(496,1,70.0,10,129),(497,2,70.0,8,129),(498,3,70.0,5,129),(499,1,50.0,5,130),(500,2,50.0,7,130),(501,3,50.0,6,130),(502,4,30.0,5,130),(503,1,110.0,10,131),(504,2,120.0,10,131),(505,3,130.0,6,131),(506,4,100.0,5,131),(507,1,40.0,8,132),(508,2,40.0,6,132),(509,3,40.0,4,132),(510,4,25.0,8,132),(511,1,-42.0,8,133),(512,2,-42.0,8,133),(513,3,-42.0,6,133),(514,1,-12.0,7,134),(515,2,-12.0,6,134),(516,3,-12.0,5,134),(517,1,75.0,10,135),(518,2,75.0,8,135),(519,3,80.0,3,135),(520,4,80.0,3,135),(521,1,70.0,8,136),(522,2,70.0,6,136),(523,3,70.0,4,136),(524,4,45.0,5,136),(525,1,35.0,8,137),(526,2,35.0,6,137),(527,3,35.0,5,137),(528,4,25.0,3,137),(529,1,35.0,8,138),(530,2,40.0,6,138),(531,3,40.0,4,138),(532,4,25.0,5,138),(533,1,100.0,10,139),(534,2,110.0,10,139),(535,3,130.0,7,139),(536,4,100.0,5,139),(537,1,100.0,8,140),(538,2,100.0,6,140),(539,3,100.0,6,140),(540,4,80.0,4,140),(541,1,55.0,20,141),(542,2,75.0,20,141),(543,3,75.0,20,141),(544,4,75.0,20,141),(545,1,50.0,4,142),(546,2,50.0,4,142),(547,3,50.0,4,142),(548,1,70.0,10,143),(549,2,70.0,7,143),(550,3,70.0,5,143),(551,4,75.0,3,143),(552,1,50.0,7,144),(553,2,50.0,6,144),(554,3,50.0,5,144),(555,4,30.0,4,144),(556,1,130.0,10,145),(557,2,140.0,8,145),(558,3,140.0,6,145),(559,4,100.0,8,145),(560,1,135.0,9,146),(561,2,155.0,8,146),(562,3,175.0,4,146),(563,4,155.0,4,146),(564,5,135.0,8,146),(565,1,135.0,11,147),(566,2,165.0,6,147),(567,3,185.0,3,147),(568,4,125.0,10,147),(569,1,40.0,6,148),(570,2,35.0,6,148),(571,3,35.0,6,148),(572,1,50.0,8,149),(573,2,50.0,8,149),(574,3,50.0,8,149),(575,1,70.0,10,150),(576,2,70.0,8,150),(577,3,75.0,6,150),(578,1,50.0,8,151),(579,2,50.0,6,151),(580,3,50.0,5,151),(581,4,30.0,5,151),(582,1,120.0,10,152),(583,2,130.0,8,152),(584,3,130.0,6,152),(585,4,100.0,6,152),(586,1,32.5,10,153),(587,2,45.0,7,153),(588,3,45.0,6,153),(589,4,25.0,10,153),(590,1,110.0,8,154),(591,2,125.0,7,154),(592,3,130.0,5,154),(593,1,-42.0,6,155),(594,2,-42.0,6,155),(595,3,-42.0,6,155),(596,1,0.0,7,156),(597,2,0.0,6,156),(598,3,0.0,5,156),(599,1,70.0,8,157),(600,2,75.0,7,157),(601,3,75.0,2,157),(602,1,65.0,8,158),(603,2,65.0,6,158),(604,3,65.0,6,158),(605,1,35.0,8,159),(606,2,35.0,7,159),(607,3,40.0,4,159),(608,4,25.0,5,159),(609,1,37.5,8,160),(610,2,45.0,5,160),(611,3,45.0,3,160),(612,4,20.0,5,160),(613,1,80.0,8,161),(614,2,100.0,8,161),(615,3,110.0,6,161),(616,4,80.0,5,161),(617,5,60.0,5,161),(618,1,70.0,10,162),(619,2,70.0,8,162),(620,3,70.0,8,162),(621,4,70.0,6,162),(622,1,65.0,8,163),(623,2,65.0,8,163),(624,3,65.0,6,163),(625,1,30.0,8,164),(626,2,30.0,8,164),(627,3,35.0,6,164),(628,1,110.0,10,165),(629,2,110.0,8,165),(630,3,110.0,8,165),(631,1,110.0,8,166),(632,2,110.0,8,166),(633,3,110.0,8,166),(634,1,75.0,10,167),(635,2,75.0,8,167),(636,3,75.0,6,167),(637,4,80.0,3,167),(638,1,50.0,8,168),(639,2,50.0,7,168),(640,3,50.0,6,168),(641,4,30.0,5,168),(642,1,140.0,10,169),(643,2,140.0,8,169),(644,3,140.0,6,169),(645,4,120.0,5,169),(646,1,-30.0,8,170),(647,2,-30.0,7,170),(648,3,-30.0,6,170),(649,1,0.0,8,171),(650,2,0.0,7,171),(651,3,0.0,7,171),(652,1,135.0,8,172),(653,2,155.0,6,172),(654,3,155.0,4,172),(655,4,145.0,4,172),(656,5,135.0,6,172),(657,1,25.0,10,173),(658,2,25.0,8,173),(659,3,25.0,7,173),(660,1,45.0,14,174),(661,2,55.0,12,174),(662,3,65.0,3,174),(663,4,55.0,4,174),(664,5,45.0,8,174),(665,1,45.0,8,175),(666,2,45.0,7,175),(667,3,45.0,7,175),(668,4,45.0,6,175),(669,1,30.0,8,176),(670,2,30.0,7,176),(671,3,30.0,6,176),(672,4,20.0,5,176),(673,1,115.0,10,177),(674,2,135.0,8,177),(675,3,135.0,8,177),(676,1,55.0,12,178),(677,2,60.0,8,178),(678,3,60.0,5,178),(679,4,65.0,2,178),(680,5,35.0,5,178),(681,1,35.0,7,179),(682,2,35.0,7,179),(683,3,40.0,5,179),(684,4,25.0,6,179),(685,1,100.0,12,180),(686,2,120.0,10,180),(687,3,130.0,6,180),(688,4,100.0,6,180),(689,1,-58.0,8,181),(690,2,-58.0,7,181),(691,1,55.0,12,182),(692,2,60.0,8,182),(693,3,60.0,4,182),(694,4,65.0,3,182),(695,5,40.0,5,182),(696,1,35.0,7,183),(697,2,35.0,7,183),(698,3,40.0,6,183),(699,4,30.0,5,183),(700,1,-58.0,8,184),(701,2,-58.0,7,184),(702,3,-58.0,6,184),(703,1,-28.0,8,185),(704,2,-28.0,8,185),(705,3,-28.0,5,185),(706,1,110.0,10,186),(707,2,110.0,9,186),(708,3,130.0,5,186),(709,4,90.0,5,186),(710,1,45.0,14,187),(711,2,55.0,10,187),(712,3,65.0,2,187),(713,4,45.0,5,187),(714,1,55.0,8,188),(715,2,55.0,6,188),(716,3,55.0,5,188),(717,4,25.0,7,188),(718,1,25.0,10,189),(719,2,25.0,8,189),(720,3,25.0,7,189),(721,4,15.0,5,189),(722,1,25.0,10,190),(723,2,25.0,9,190),(724,3,30.0,7,190),(725,4,20.0,5,190),(726,1,200.0,30,191),(727,2,200.0,25,191),(728,3,225.0,20,191),(729,1,100.0,8,192),(730,2,100.0,8,192),(731,3,110.0,6,192),(732,4,80.0,4,192),(733,1,55.0,12,193),(734,2,60.0,9,193),(735,3,65.0,5,193),(736,4,70.0,2,193),(737,5,40.0,5,193),(738,1,35.0,8,194),(739,2,35.0,7,194),(740,3,40.0,5,194),(741,4,25.0,6,194),(742,1,-58.0,10,195),(743,2,-58.0,8,195),(744,3,-58.0,5,195),(745,1,-28.0,8,196),(746,2,-28.0,7,196),(747,3,-28.0,6,196),(748,1,135.0,10,197),(749,2,135.0,7,197),(750,3,135.0,7,197),(751,1,65.0,8,198),(752,2,75.0,9,198),(753,3,80.0,6,198),(754,4,85.0,3,198),(755,5,65.0,3,198),(756,1,50.0,8,199),(757,2,55.0,6,199),(758,3,55.0,5,199),(759,4,40.0,5,199),(760,1,-28.0,8,200),(761,2,-28.0,6,200),(762,3,-34.0,5,200),(763,4,-40.0,5,200),(764,1,130.0,10,201),(765,2,140.0,8,201),(766,3,140.0,6,201),(767,4,110.0,4,201),(768,1,95.0,10,202),(769,2,115.0,10,202),(770,3,125.0,10,202),(771,1,55.0,12,203),(772,2,65.0,8,203),(773,3,65.0,5,203),(774,4,65.0,5,203),(775,5,55.0,6,203),(776,1,55.0,8,204),(777,2,55.0,6,204),(778,3,45.0,5,204),(779,4,45.0,4,204),(780,1,25.0,10,205),(781,2,30.0,8,205),(782,3,35.0,5,205),(783,4,20.0,5,205),(784,1,100.0,12,206),(785,2,100.0,9,206),(786,3,100.0,8,206),(787,4,80.0,8,206),(788,1,100.0,10,207),(789,2,100.0,8,207),(790,3,100.0,6,207),(791,4,70.0,5,207),(792,1,60.0,12,208),(793,2,60.0,8,208),(794,3,65.0,6,208),(795,4,70.0,4,208),(796,5,50.0,4,208),(797,1,-58.0,8,209),(798,2,-58.0,8,209),(799,3,-58.0,6,209),(800,1,-34.0,8,210),(801,2,-28.0,8,210),(802,3,-28.0,6,210),(803,1,110.0,10,211),(804,2,120.0,7,211),(805,3,100.0,8,211),(806,4,80.0,5,211),(807,1,250.0,16,212),(808,2,275.0,10,212),(809,3,275.0,10,212),(810,4,200.0,10,212),(811,1,55.0,10,213),(812,2,55.0,6,213),(813,3,55.0,5,213),(814,4,45.0,5,213),(815,1,25.0,10,214),(816,2,30.0,10,214),(817,3,35.0,5,214),(818,4,25.0,5,214),(819,1,25.0,10,215),(820,2,30.0,8,215),(821,3,35.0,5,215),(822,4,20.0,5,215),(823,1,55.0,10,216),(824,2,55.0,8,216),(825,3,65.0,1,216),(826,4,45.0,7,216),(827,1,90.0,10,217),(828,2,90.0,10,217),(829,3,90.0,10,217),(830,4,70.0,5,217),(831,1,90.0,10,218),(832,2,90.0,7,218),(833,3,90.0,6,218),(834,4,70.0,3,218),(835,1,100.0,20,219),(836,2,100.0,15,219),(837,3,100.0,15,219),(838,1,100.0,20,220),(839,2,100.0,20,220),(840,3,100.0,15,220),(841,1,70.0,15,221),(842,2,90.0,10,221),(843,3,90.0,20,221),(844,1,45.0,14,222),(845,2,55.0,10,222),(846,3,55.0,8,222),(847,4,65.0,7,222),(848,1,45.0,8,223),(849,2,55.0,6,223),(850,3,55.0,6,223),(851,1,30.0,10,224),(852,2,30.0,8,224),(853,3,35.0,7,224),(854,4,20.0,6,224),(855,1,90.0,12,225),(856,2,100.0,12,225),(857,3,120.0,5,225),(858,4,90.0,5,225),(859,1,90.0,8,226),(860,2,90.0,8,226),(861,3,100.0,5,226),(862,4,80.0,5,226),(863,1,100.0,20,227),(864,2,110.0,18,227),(865,3,115.0,15,227),(866,1,60.0,12,228),(867,2,60.0,7,228),(868,3,60.0,4,228),(869,4,40.0,5,228),(870,1,35.0,5,229),(871,2,35.0,6,229),(872,3,35.0,7,229),(873,4,25.0,5,229),(874,1,110.0,12,230),(875,2,120.0,9,230),(876,3,120.0,6,230),(877,4,90.0,5,230),(878,1,60.0,10,231),(879,2,60.0,8,231),(880,3,60.0,6,231),(881,4,65.0,5,231),(882,5,40.0,5,231),(883,1,35.0,10,232),(884,2,35.0,8,232),(885,3,35.0,9,232),(886,4,20.0,5,232),(887,1,110.0,8,233),(888,2,110.0,8,233),(889,3,100.0,6,233),(890,4,80.0,6,233),(891,1,110.0,8,234),(892,2,110.0,7,234),(893,3,135.0,5,234),(894,1,55.0,12,235),(895,2,55.0,8,235),(896,3,60.0,8,235),(897,4,65.0,5,235),(898,1,55.0,8,236),(899,2,55.0,5,236),(900,3,55.0,5,236),(901,1,25.0,12,237),(902,2,30.0,8,237),(903,3,30.0,7,237),(904,4,20.0,5,237),(905,1,20.0,12,238),(906,2,25.0,10,238),(907,3,30.0,8,238),(908,4,30.0,5,238),(909,5,20.0,5,238),(910,1,100.0,10,239),(911,2,100.0,12,239),(912,3,100.0,8,239),(913,4,80.0,5,239),(914,1,90.0,8,240),(915,2,90.0,7,240),(916,3,90.0,6,240),(917,4,70.0,5,240),(918,1,45.0,12,241),(919,2,55.0,10,241),(920,3,55.0,8,241),(921,1,60.0,10,242),(922,2,60.0,8,242),(923,3,65.0,5,242),(924,4,40.0,5,242),(925,1,35.0,8,243),(926,2,35.0,8,243),(927,3,40.0,8,243),(928,4,25.0,8,243),(929,1,110.0,10,244),(930,2,120.0,10,244),(931,3,120.0,5,244),(932,4,100.0,5,244),(933,1,-88.0,10,245),(934,2,-88.0,7,245),(935,3,-88.0,7,245),(936,4,-88.0,7,245),(937,1,100.0,20,246),(938,2,100.0,20,246),(939,3,100.0,20,246),(940,1,35.0,10,247),(941,2,35.0,9,247),(942,3,40.0,7,247),(943,4,25.0,5,247),(944,1,35.0,10,248),(945,2,35.0,9,248),(946,3,40.0,7,248),(947,4,25.0,5,248),(948,1,-88.0,10,249),(949,2,-76.0,10,249),(950,3,-76.0,7,249),(951,4,-70.0,5,249),(952,1,110.0,10,250),(953,2,110.0,7,250),(954,3,120.0,7,250),(955,1,55.0,12,251),(956,2,60.0,9,251),(957,3,60.0,6,251),(958,1,25.0,12,252),(959,2,30.0,10,252),(960,3,30.0,8,252),(961,4,35.0,6,252),(962,5,25.0,5,252),(963,1,35.0,8,253),(964,2,35.0,6,253),(965,3,35.0,4,253),(966,4,20.0,3,253),(967,1,120.0,12,254),(968,2,120.0,10,254),(969,3,120.0,8,254),(970,4,100.0,6,254),(971,1,90.0,7,255),(972,2,90.0,6,255),(973,3,80.0,6,255),(974,4,60.0,6,255),(975,1,100.0,20,256),(976,2,100.0,20,256),(977,3,110.0,20,256),(978,1,55.0,12,257),(979,2,60.0,10,257),(980,3,65.0,6,257),(981,4,70.0,3,257),(982,5,40.0,5,257),(983,1,35.0,9,258),(984,2,40.0,7,258),(985,3,40.0,6,258),(986,4,25.0,6,258),(987,1,-76.0,10,259),(988,2,-76.0,9,259),(989,3,-76.0,8,259),(990,4,-70.0,5,259),(991,1,110.0,10,260),(992,2,120.0,9,260),(993,3,120.0,7,260),(994,4,100.0,5,260),(995,1,25.0,10,261),(996,2,25.0,10,261),(997,3,25.0,10,261),(998,1,55.0,12,262),(999,2,65.0,9,262),(1000,3,65.0,5,262),(1001,4,55.0,2,262),(1002,1,55.0,9,263),(1003,2,55.0,7,263),(1004,3,55.0,7,263),(1005,1,35.0,8,264),(1006,2,35.0,6,264),(1007,3,35.0,5,264),(1008,4,20.0,4,264),(1009,1,25.0,10,265),(1010,2,30.0,8,265),(1011,3,35.0,6,265),(1012,4,20.0,5,265),(1013,1,120.0,10,266),(1014,2,120.0,8,266),(1015,3,130.0,5,266),(1016,4,100.0,5,266),(1017,1,100.0,8,267),(1018,2,90.0,8,267),(1019,3,90.0,5,267),(1020,4,70.0,3,267),(1021,1,55.0,12,268),(1022,2,65.0,8,268),(1023,3,65.0,5,268),(1024,4,65.0,3,268),(1025,1,55.0,8,269),(1026,2,55.0,8,269),(1027,3,65.0,5,269),(1028,1,30.0,10,270),(1029,2,35.0,6,270),(1030,3,35.0,5,270),(1031,4,20.0,3,270),(1032,1,30.0,10,271),(1033,2,35.0,8,271),(1034,3,40.0,5,271),(1035,4,25.0,5,271),(1036,1,-22.0,8,272),(1037,2,-22.0,8,272),(1038,3,-28.0,8,272),(1039,1,55.0,12,273),(1040,2,60.0,10,273),(1041,3,65.0,8,273),(1042,4,70.0,5,273),(1043,5,40.0,5,273),(1044,1,35.0,10,274),(1045,2,40.0,7,274),(1046,3,40.0,7,274),(1047,4,25.0,7,274),(1048,1,-70.0,10,275),(1049,2,-70.0,10,275),(1050,3,-70.0,7,275),(1051,4,-64.0,4,275),(1052,1,100.0,20,276),(1053,2,110.0,20,276),(1054,3,110.0,15,276),(1055,1,110.0,10,277),(1056,2,120.0,10,277),(1057,3,130.0,7,277),(1058,4,100.0,5,277),(1059,1,55.0,12,278),(1060,2,65.0,10,278),(1061,3,70.0,6,278),(1062,4,70.0,5,278),(1063,5,40.0,5,278),(1064,1,40.0,8,279),(1065,2,40.0,8,279),(1066,3,45.0,6,279),(1067,4,25.0,8,279),(1068,1,-64.0,10,280),(1069,2,-64.0,8,280),(1070,3,-64.0,7,280),(1071,4,-64.0,5,280),(1072,1,110.0,20,281),(1073,2,110.0,20,281),(1074,3,110.0,15,281),(1075,1,120.0,10,282),(1076,2,130.0,10,282),(1077,3,140.0,7,282),(1078,4,110.0,5,282),(1079,1,65.0,12,283),(1080,2,65.0,8,283),(1081,3,65.0,5,283),(1082,4,45.0,8,283),(1083,1,55.0,9,284),(1084,2,55.0,8,284),(1085,3,65.0,5,284),(1086,1,25.0,8,285),(1087,2,30.0,7,285),(1088,3,30.0,6,285),(1089,4,20.0,5,285),(1090,1,30.0,10,286),(1091,2,35.0,8,286),(1092,3,40.0,4,286),(1093,4,25.0,4,286),(1094,1,110.0,10,287),(1095,2,120.0,10,287),(1096,3,120.0,7,287),(1097,4,100.0,5,287),(1098,1,110.0,10,288),(1099,2,110.0,7,288),(1100,3,110.0,5,288),(1101,4,90.0,4,288),(1102,1,55.0,12,289),(1103,2,55.0,8,289),(1104,3,60.0,6,289),(1105,4,65.0,3,289),(1106,5,40.0,6,289),(1107,1,40.0,7,290),(1108,2,40.0,6,290),(1109,3,40.0,4,290),(1110,4,35.0,3,290),(1111,1,110.0,12,291),(1112,2,110.0,10,291),(1113,3,120.0,8,291),(1114,4,120.0,5,291),(1115,5,100.0,5,291),(1116,1,250.0,18,292),(1117,2,290.0,10,292),(1118,3,310.0,8,292);
/*!40000 ALTER TABLE `bodybuilding_set` ENABLE KEYS */;
UNLOCK TABLES;

--
-- Table structure for table `bodybuilding_weightexercise`
--

DROP TABLE IF EXISTS `bodybuilding_weightexercise`;
/*!40101 SET @saved_cs_client     = @@character_set_client */;
/*!40101 SET character_set_client = utf8 */;
CREATE TABLE `bodybuilding_weightexercise` (
  `id` int(11) NOT NULL AUTO_INCREMENT,
  `name` varchar(50) NOT NULL,
  PRIMARY KEY (`id`)
) ENGINE=InnoDB AUTO_INCREMENT=40 DEFAULT CHARSET=latin1;
/*!40101 SET character_set_client = @saved_cs_client */;

--
-- Dumping data for table `bodybuilding_weightexercise`
--

LOCK TABLES `bodybuilding_weightexercise` WRITE;
/*!40000 ALTER TABLE `bodybuilding_weightexercise` DISABLE KEYS */;
INSERT INTO `bodybuilding_weightexercise` VALUES (1,'Dumbbell Bench Press'),(2,'Incline Dumbbell Bench Press'),(3,'Pullup'),(4,'One Leg Press'),(5,'Squat'),(6,'Bent Over Barbell Row'),(7,'Machine Fly'),(8,'Barbell Curl'),(9,'Skullcrusher'),(10,'Barbell Preacher Curl'),(11,'Arnold Press'),(12,'Tricep Pushdown'),(13,'Cable Curl'),(14,'Barbell Military Press'),(15,'Dumbbell Curl'),(16,'Seated Row'),(17,'Dumbbell Preacher Curl'),(18,'Lat Pulldown'),(19,'Bench Press'),(20,'Machine Bench Press'),(21,'Crazy Triceps'),(22,'Dumbbell Military Press'),(23,'Rear Delt Raise'),(24,'Front Raise'),(25,'Barbell Crazy Triceps'),(26,'Barbell Crazy 7s'),(27,'Barbell Bench Press'),(28,'Machine Rows'),(29,'Calf Machine'),(30,'Calf Raise'),(31,'Dips'),(32,'Dumbbell Fly'),(33,'Dumbbell Rows'),(34,'Shrugs'),(35,'Cable Fly'),(36,'Rotary Calf'),(37,'Leg Press'),(38,'Hip Abduction'),(39,'Hip Adduction');
/*!40000 ALTER TABLE `bodybuilding_weightexercise` ENABLE KEYS */;
UNLOCK TABLES;

--
-- Table structure for table `bodybuilding_weighttraining`
--

DROP TABLE IF EXISTS `bodybuilding_weighttraining`;
/*!40101 SET @saved_cs_client     = @@character_set_client */;
/*!40101 SET character_set_client = utf8 */;
CREATE TABLE `bodybuilding_weighttraining` (
  `id` int(11) NOT NULL AUTO_INCREMENT,
  `exercise_id` int(11) NOT NULL,
  `workout_id` int(11) NOT NULL,
  PRIMARY KEY (`id`),
  KEY `b_exercise_id_5a1869058300bfd6_fk_bodybuilding_weightexercise_id` (`exercise_id`),
  KEY `bodybuilding_weighttraining_c1bc7825` (`workout_id`),
  CONSTRAINT `b_exercise_id_5a1869058300bfd6_fk_bodybuilding_weightexercise_id` FOREIGN KEY (`exercise_id`) REFERENCES `bodybuilding_weightexercise` (`id`),
  CONSTRAINT `bo_workout_id_5d9540d5d492252e_fk_bodybuilding_workoutsession_id` FOREIGN KEY (`workout_id`) REFERENCES `bodybuilding_workoutsession` (`id`)
) ENGINE=InnoDB AUTO_INCREMENT=293 DEFAULT CHARSET=latin1;
/*!40101 SET character_set_client = @saved_cs_client */;

--
-- Dumping data for table `bodybuilding_weighttraining`
--

LOCK TABLES `bodybuilding_weighttraining` WRITE;
/*!40000 ALTER TABLE `bodybuilding_weighttraining` DISABLE KEYS */;
INSERT INTO `bodybuilding_weighttraining` VALUES (1,1,1),(2,2,1),(3,3,1),(4,4,2),(5,3,2),(6,1,2),(7,2,2),(8,5,2),(9,1,3),(10,2,3),(11,3,3),(12,6,3),(13,7,3),(14,8,4),(15,9,4),(16,10,4),(17,11,4),(18,12,4),(19,13,4),(20,8,5),(21,9,5),(22,14,5),(23,10,5),(24,11,5),(25,8,6),(26,9,6),(27,10,6),(28,11,6),(29,13,6),(30,12,6),(31,14,6),(32,15,6),(33,4,7),(34,1,7),(35,2,7),(36,3,7),(37,16,7),(38,1,8),(39,15,8),(40,16,8),(41,10,9),(42,9,9),(43,15,9),(44,11,9),(45,17,9),(46,14,9),(47,1,10),(48,2,10),(49,3,10),(50,16,10),(51,7,10),(52,18,10),(53,19,10),(54,1,11),(55,2,11),(56,3,11),(57,16,11),(58,1,11),(59,2,12),(60,3,12),(61,16,12),(62,1,13),(63,2,13),(64,3,13),(65,16,13),(66,20,13),(67,6,13),(68,10,14),(69,21,14),(70,15,14),(71,11,14),(72,12,14),(73,13,14),(74,14,15),(75,10,15),(76,9,15),(77,15,15),(78,11,15),(79,1,16),(80,14,16),(81,22,16),(82,3,16),(83,23,16),(84,24,16),(85,25,17),(86,10,17),(87,5,17),(88,26,17),(89,27,18),(90,28,18),(91,29,18),(92,18,18),(93,2,18),(94,10,19),(95,25,19),(96,11,19),(97,26,19),(98,5,19),(99,30,19),(100,12,19),(101,10,20),(102,25,20),(103,17,20),(104,11,20),(105,12,20),(106,13,20),(107,1,21),(108,2,21),(109,16,21),(110,31,21),(111,30,21),(112,32,21),(113,10,22),(114,25,22),(115,11,22),(116,17,22),(117,12,22),(118,24,22),(119,1,23),(120,2,23),(121,1,24),(122,2,24),(123,16,24),(124,32,24),(125,5,24),(126,33,24),(127,30,24),(128,31,24),(129,1,25),(130,2,25),(131,16,25),(132,32,25),(133,3,25),(134,31,25),(135,10,26),(136,25,26),(137,17,26),(138,11,26),(139,12,26),(140,13,26),(141,30,26),(142,26,26),(143,1,27),(144,2,27),(145,16,27),(146,5,27),(147,27,27),(148,32,27),(149,34,27),(150,1,28),(151,2,28),(152,16,28),(153,32,28),(154,16,28),(155,3,28),(156,31,28),(157,10,29),(158,25,29),(159,17,29),(160,11,29),(161,12,29),(162,10,30),(163,26,30),(164,11,30),(165,12,30),(166,13,30),(167,1,31),(168,2,31),(169,16,31),(170,3,31),(171,31,31),(172,27,31),(173,35,31),(174,10,32),(175,25,32),(176,11,32),(177,5,32),(178,1,33),(179,2,33),(180,16,33),(181,3,33),(182,1,34),(183,2,34),(184,3,34),(185,31,34),(186,16,34),(187,10,35),(188,25,35),(189,15,35),(190,11,35),(191,36,35),(192,12,35),(193,1,36),(194,2,36),(195,3,36),(196,31,36),(197,5,36),(198,1,37),(199,2,37),(200,3,37),(201,16,37),(202,5,37),(203,10,38),(204,21,38),(205,11,38),(206,12,38),(207,13,38),(208,1,39),(209,3,39),(210,31,39),(211,16,39),(212,37,39),(213,25,40),(214,17,40),(215,11,40),(216,10,40),(217,12,40),(218,13,40),(219,4,41),(220,38,41),(221,39,41),(222,10,41),(223,21,41),(224,11,41),(225,12,41),(226,13,41),(227,4,42),(228,1,42),(229,2,42),(230,16,42),(231,1,43),(232,2,43),(233,16,43),(234,20,43),(235,10,44),(236,21,44),(237,17,44),(238,11,44),(239,12,44),(240,13,44),(241,14,44),(242,1,45),(243,2,45),(244,16,45),(245,3,45),(246,4,46),(247,1,46),(248,2,46),(249,3,46),(250,16,46),(251,10,47),(252,11,47),(253,17,47),(254,12,47),(255,13,47),(256,4,48),(257,1,48),(258,2,48),(259,3,48),(260,16,48),(261,32,48),(262,10,49),(263,21,49),(264,1,49),(265,11,49),(266,12,49),(267,13,49),(268,10,50),(269,21,50),(270,17,50),(271,11,50),(272,31,50),(273,1,51),(274,2,51),(275,3,51),(276,4,51),(277,16,51),(278,1,52),(279,2,52),(280,3,52),(281,4,52),(282,16,52),(283,10,53),(284,21,53),(285,15,53),(286,11,53),(287,12,53),(288,13,53),(289,1,54),(290,2,54),(291,16,54),(292,37,54);
/*!40000 ALTER TABLE `bodybuilding_weighttraining` ENABLE KEYS */;
UNLOCK TABLES;

--
-- Table structure for table `bodybuilding_workoutsession`
--

DROP TABLE IF EXISTS `bodybuilding_workoutsession`;
/*!40101 SET @saved_cs_client     = @@character_set_client */;
/*!40101 SET character_set_client = utf8 */;
CREATE TABLE `bodybuilding_workoutsession` (
  `id` int(11) NOT NULL AUTO_INCREMENT,
  `date` date NOT NULL,
  `weight` decimal(4,1) DEFAULT NULL,
  `startTime` smallint(5) unsigned DEFAULT NULL,
  `endTime` smallint(5) unsigned DEFAULT NULL,
  PRIMARY KEY (`id`)
) ENGINE=InnoDB AUTO_INCREMENT=55 DEFAULT CHARSET=latin1;
/*!40101 SET character_set_client = @saved_cs_client */;

--
-- Dumping data for table `bodybuilding_workoutsession`
--

LOCK TABLES `bodybuilding_workoutsession` WRITE;
/*!40000 ALTER TABLE `bodybuilding_workoutsession` DISABLE KEYS */;
INSERT INTO `bodybuilding_workoutsession` VALUES (1,'2016-09-29',NULL,1747,1817),(2,'2016-10-13',NULL,2111,2155),(3,'2016-09-24',213.8,1445,1313),(4,'2016-09-27',215.4,2147,2224),(5,'2016-09-22',213.4,2225,2301),(6,'2016-09-14',215.0,2104,2207),(7,'2016-09-20',113.0,1946,2022),(8,'2016-08-31',210.4,1027,1110),(9,'2016-09-06',NULL,NULL,NULL),(10,'2016-09-12',212.4,1905,1944),(11,'2016-08-23',NULL,NULL,NULL),(12,'2016-09-04',214.2,1604,1653),(13,'2016-08-29',210.8,NULL,NULL),(14,'2016-08-24',NULL,2130,2208),(15,'2016-10-18',NULL,2146,2236),(16,'2016-10-21',NULL,1805,1922),(17,'2014-06-22',NULL,1950,2020),(18,'2014-07-15',202.4,1940,2107),(19,'2014-07-05',NULL,1900,1946),(20,'2016-07-19',NULL,NULL,NULL),(21,'2014-07-23',NULL,1830,1900),(22,'2014-07-25',NULL,1800,1842),(23,'2014-07-28',NULL,NULL,NULL),(24,'2014-07-31',NULL,2100,2200),(25,'2014-08-25',206.6,NULL,NULL),(26,'2014-08-26',NULL,NULL,NULL),(27,'2014-09-03',NULL,NULL,NULL),(28,'2014-08-11',NULL,NULL,NULL),(29,'2014-08-01',NULL,NULL,NULL),(30,'2014-09-16',NULL,NULL,NULL),(31,'2014-09-29',NULL,NULL,NULL),(32,'2015-10-27',NULL,NULL,NULL),(33,'2015-10-28',NULL,NULL,NULL),(34,'2015-11-03',NULL,NULL,NULL),(35,'2015-11-05',NULL,NULL,NULL),(36,'2015-11-10',NULL,NULL,NULL),(37,'2016-10-25',212.4,2055,2144),(38,'2015-11-14',NULL,NULL,NULL),(39,'2015-11-17',NULL,NULL,NULL),(40,'2015-11-19',NULL,NULL,NULL),(41,'2016-05-02',NULL,NULL,NULL),(42,'2016-06-01',NULL,NULL,NULL),(43,'2016-07-13',NULL,NULL,NULL),(44,'2016-07-14',NULL,NULL,NULL),(45,'2016-07-17',NULL,NULL,NULL),(46,'2016-07-26',NULL,NULL,NULL),(47,'2016-07-28',NULL,NULL,NULL),(48,'2016-07-31',NULL,NULL,NULL),(49,'2016-08-02',NULL,NULL,NULL),(50,'2016-08-08',NULL,NULL,NULL),(51,'2016-08-06',NULL,NULL,NULL),(52,'2016-08-11',NULL,NULL,NULL),(53,'2016-08-16',NULL,NULL,NULL),(54,'2016-10-20',NULL,NULL,NULL);
/*!40000 ALTER TABLE `bodybuilding_workoutsession` ENABLE KEYS */;
UNLOCK TABLES;
/*!40103 SET TIME_ZONE=@OLD_TIME_ZONE */;

/*!40101 SET SQL_MODE=@OLD_SQL_MODE */;
/*!40014 SET FOREIGN_KEY_CHECKS=@OLD_FOREIGN_KEY_CHECKS */;
/*!40014 SET UNIQUE_CHECKS=@OLD_UNIQUE_CHECKS */;
/*!40101 SET CHARACTER_SET_CLIENT=@OLD_CHARACTER_SET_CLIENT */;
/*!40101 SET CHARACTER_SET_RESULTS=@OLD_CHARACTER_SET_RESULTS */;
/*!40101 SET COLLATION_CONNECTION=@OLD_COLLATION_CONNECTION */;
/*!40111 SET SQL_NOTES=@OLD_SQL_NOTES */;

-- Dump completed on 2016-10-28  1:09:03
