-- MySQL dump 10.13  Distrib 5.7.16, for Linux (x86_64)
--
-- Host: localhost    Database: mango
-- ------------------------------------------------------
-- Server version	5.7.13-0ubuntu0.16.04.2

/*!40101 SET @OLD_CHARACTER_SET_CLIENT=@@CHARACTER_SET_CLIENT */;
/*!40101 SET @OLD_CHARACTER_SET_RESULTS=@@CHARACTER_SET_RESULTS */;
/*!40101 SET @OLD_COLLATION_CONNECTION=@@COLLATION_CONNECTION */;
/*!40101 SET NAMES utf8 */;
/*!40103 SET @OLD_TIME_ZONE=@@TIME_ZONE */;
/*!40103 SET TIME_ZONE='+00:00' */;
/*!40014 SET @OLD_UNIQUE_CHECKS=@@UNIQUE_CHECKS, UNIQUE_CHECKS=0 */;
/*!40014 SET @OLD_FOREIGN_KEY_CHECKS=@@FOREIGN_KEY_CHECKS, FOREIGN_KEY_CHECKS=0 */;
/*!40101 SET @OLD_SQL_MODE=@@SQL_MODE, SQL_MODE='NO_AUTO_VALUE_ON_ZERO' */;
/*!40111 SET @OLD_SQL_NOTES=@@SQL_NOTES, SQL_NOTES=0 */;

--
-- Current Database: `mango`
--

CREATE DATABASE /*!32312 IF NOT EXISTS*/ `mango` /*!40100 DEFAULT CHARACTER SET latin1 */;

USE `mango`;

--
-- Table structure for table `auth_group`
--

DROP TABLE IF EXISTS `auth_group`;
/*!40101 SET @saved_cs_client     = @@character_set_client */;
/*!40101 SET character_set_client = utf8 */;
CREATE TABLE `auth_group` (
  `id` int(11) NOT NULL AUTO_INCREMENT,
  `name` varchar(80) NOT NULL,
  PRIMARY KEY (`id`),
  UNIQUE KEY `name` (`name`)
) ENGINE=InnoDB DEFAULT CHARSET=latin1;
/*!40101 SET character_set_client = @saved_cs_client */;

--
-- Dumping data for table `auth_group`
--

LOCK TABLES `auth_group` WRITE;
/*!40000 ALTER TABLE `auth_group` DISABLE KEYS */;
/*!40000 ALTER TABLE `auth_group` ENABLE KEYS */;
UNLOCK TABLES;

--
-- Table structure for table `auth_group_permissions`
--

DROP TABLE IF EXISTS `auth_group_permissions`;
/*!40101 SET @saved_cs_client     = @@character_set_client */;
/*!40101 SET character_set_client = utf8 */;
CREATE TABLE `auth_group_permissions` (
  `id` int(11) NOT NULL AUTO_INCREMENT,
  `group_id` int(11) NOT NULL,
  `permission_id` int(11) NOT NULL,
  PRIMARY KEY (`id`),
  UNIQUE KEY `group_id` (`group_id`,`permission_id`),
  KEY `auth_group__permission_id_1f49ccbbdc69d2fc_fk_auth_permission_id` (`permission_id`),
  CONSTRAINT `auth_group__permission_id_1f49ccbbdc69d2fc_fk_auth_permission_id` FOREIGN KEY (`permission_id`) REFERENCES `auth_permission` (`id`),
  CONSTRAINT `auth_group_permission_group_id_689710a9a73b7457_fk_auth_group_id` FOREIGN KEY (`group_id`) REFERENCES `auth_group` (`id`)
) ENGINE=InnoDB DEFAULT CHARSET=latin1;
/*!40101 SET character_set_client = @saved_cs_client */;

--
-- Dumping data for table `auth_group_permissions`
--

LOCK TABLES `auth_group_permissions` WRITE;
/*!40000 ALTER TABLE `auth_group_permissions` DISABLE KEYS */;
/*!40000 ALTER TABLE `auth_group_permissions` ENABLE KEYS */;
UNLOCK TABLES;

--
-- Table structure for table `auth_permission`
--

DROP TABLE IF EXISTS `auth_permission`;
/*!40101 SET @saved_cs_client     = @@character_set_client */;
/*!40101 SET character_set_client = utf8 */;
CREATE TABLE `auth_permission` (
  `id` int(11) NOT NULL AUTO_INCREMENT,
  `name` varchar(255) NOT NULL,
  `content_type_id` int(11) NOT NULL,
  `codename` varchar(100) NOT NULL,
  PRIMARY KEY (`id`),
  UNIQUE KEY `content_type_id` (`content_type_id`,`codename`),
  CONSTRAINT `auth__content_type_id_508cf46651277a81_fk_django_content_type_id` FOREIGN KEY (`content_type_id`) REFERENCES `django_content_type` (`id`)
) ENGINE=InnoDB AUTO_INCREMENT=37 DEFAULT CHARSET=latin1;
/*!40101 SET character_set_client = @saved_cs_client */;

--
-- Dumping data for table `auth_permission`
--

LOCK TABLES `auth_permission` WRITE;
/*!40000 ALTER TABLE `auth_permission` DISABLE KEYS */;
INSERT INTO `auth_permission` VALUES (1,'Can add log entry',1,'add_logentry'),(2,'Can change log entry',1,'change_logentry'),(3,'Can delete log entry',1,'delete_logentry'),(4,'Can add permission',2,'add_permission'),(5,'Can change permission',2,'change_permission'),(6,'Can delete permission',2,'delete_permission'),(7,'Can add group',3,'add_group'),(8,'Can change group',3,'change_group'),(9,'Can delete group',3,'delete_group'),(10,'Can add user',4,'add_user'),(11,'Can change user',4,'change_user'),(12,'Can delete user',4,'delete_user'),(13,'Can add content type',5,'add_contenttype'),(14,'Can change content type',5,'change_contenttype'),(15,'Can delete content type',5,'delete_contenttype'),(16,'Can add session',6,'add_session'),(17,'Can change session',6,'change_session'),(18,'Can delete session',6,'delete_session'),(19,'Can add workout session',7,'add_workoutsession'),(20,'Can change workout session',7,'change_workoutsession'),(21,'Can delete workout session',7,'delete_workoutsession'),(22,'Can add weight exercise',8,'add_weightexercise'),(23,'Can change weight exercise',8,'change_weightexercise'),(24,'Can delete weight exercise',8,'delete_weightexercise'),(25,'Can add cardio exercise',9,'add_cardioexercise'),(26,'Can change cardio exercise',9,'change_cardioexercise'),(27,'Can delete cardio exercise',9,'delete_cardioexercise'),(28,'Can add weight training',10,'add_weighttraining'),(29,'Can change weight training',10,'change_weighttraining'),(30,'Can delete weight training',10,'delete_weighttraining'),(31,'Can add set',11,'add_set'),(32,'Can change set',11,'change_set'),(33,'Can delete set',11,'delete_set'),(34,'Can add cardio training',12,'add_cardiotraining'),(35,'Can change cardio training',12,'change_cardiotraining'),(36,'Can delete cardio training',12,'delete_cardiotraining');
/*!40000 ALTER TABLE `auth_permission` ENABLE KEYS */;
UNLOCK TABLES;

--
-- Table structure for table `auth_user`
--

DROP TABLE IF EXISTS `auth_user`;
/*!40101 SET @saved_cs_client     = @@character_set_client */;
/*!40101 SET character_set_client = utf8 */;
CREATE TABLE `auth_user` (
  `id` int(11) NOT NULL AUTO_INCREMENT,
  `password` varchar(128) NOT NULL,
  `last_login` datetime(6) DEFAULT NULL,
  `is_superuser` tinyint(1) NOT NULL,
  `username` varchar(30) NOT NULL,
  `first_name` varchar(30) NOT NULL,
  `last_name` varchar(30) NOT NULL,
  `email` varchar(254) NOT NULL,
  `is_staff` tinyint(1) NOT NULL,
  `is_active` tinyint(1) NOT NULL,
  `date_joined` datetime(6) NOT NULL,
  PRIMARY KEY (`id`),
  UNIQUE KEY `username` (`username`)
) ENGINE=InnoDB AUTO_INCREMENT=2 DEFAULT CHARSET=latin1;
/*!40101 SET character_set_client = @saved_cs_client */;

--
-- Dumping data for table `auth_user`
--

LOCK TABLES `auth_user` WRITE;
/*!40000 ALTER TABLE `auth_user` DISABLE KEYS */;
INSERT INTO `auth_user` VALUES (1,'pbkdf2_sha256$20000$8CFMofOjZesr$F4y7L6yEnnBlFo8ChYDdfv54jz8dQPInGubZw4e/bRI=','2016-10-20 06:53:43.331221',1,'leo','','','leo@keef.com',1,1,'2016-10-20 06:53:26.512834');
/*!40000 ALTER TABLE `auth_user` ENABLE KEYS */;
UNLOCK TABLES;

--
-- Table structure for table `auth_user_groups`
--

DROP TABLE IF EXISTS `auth_user_groups`;
/*!40101 SET @saved_cs_client     = @@character_set_client */;
/*!40101 SET character_set_client = utf8 */;
CREATE TABLE `auth_user_groups` (
  `id` int(11) NOT NULL AUTO_INCREMENT,
  `user_id` int(11) NOT NULL,
  `group_id` int(11) NOT NULL,
  PRIMARY KEY (`id`),
  UNIQUE KEY `user_id` (`user_id`,`group_id`),
  KEY `auth_user_groups_group_id_33ac548dcf5f8e37_fk_auth_group_id` (`group_id`),
  CONSTRAINT `auth_user_groups_group_id_33ac548dcf5f8e37_fk_auth_group_id` FOREIGN KEY (`group_id`) REFERENCES `auth_group` (`id`),
  CONSTRAINT `auth_user_groups_user_id_4b5ed4ffdb8fd9b0_fk_auth_user_id` FOREIGN KEY (`user_id`) REFERENCES `auth_user` (`id`)
) ENGINE=InnoDB DEFAULT CHARSET=latin1;
/*!40101 SET character_set_client = @saved_cs_client */;

--
-- Dumping data for table `auth_user_groups`
--

LOCK TABLES `auth_user_groups` WRITE;
/*!40000 ALTER TABLE `auth_user_groups` DISABLE KEYS */;
/*!40000 ALTER TABLE `auth_user_groups` ENABLE KEYS */;
UNLOCK TABLES;

--
-- Table structure for table `auth_user_user_permissions`
--

DROP TABLE IF EXISTS `auth_user_user_permissions`;
/*!40101 SET @saved_cs_client     = @@character_set_client */;
/*!40101 SET character_set_client = utf8 */;
CREATE TABLE `auth_user_user_permissions` (
  `id` int(11) NOT NULL AUTO_INCREMENT,
  `user_id` int(11) NOT NULL,
  `permission_id` int(11) NOT NULL,
  PRIMARY KEY (`id`),
  UNIQUE KEY `user_id` (`user_id`,`permission_id`),
  KEY `auth_user_u_permission_id_384b62483d7071f0_fk_auth_permission_id` (`permission_id`),
  CONSTRAINT `auth_user_u_permission_id_384b62483d7071f0_fk_auth_permission_id` FOREIGN KEY (`permission_id`) REFERENCES `auth_permission` (`id`),
  CONSTRAINT `auth_user_user_permissi_user_id_7f0938558328534a_fk_auth_user_id` FOREIGN KEY (`user_id`) REFERENCES `auth_user` (`id`)
) ENGINE=InnoDB DEFAULT CHARSET=latin1;
/*!40101 SET character_set_client = @saved_cs_client */;

--
-- Dumping data for table `auth_user_user_permissions`
--

LOCK TABLES `auth_user_user_permissions` WRITE;
/*!40000 ALTER TABLE `auth_user_user_permissions` DISABLE KEYS */;
/*!40000 ALTER TABLE `auth_user_user_permissions` ENABLE KEYS */;
UNLOCK TABLES;

--
-- Table structure for table `bodybuilding_cardioexercise`
--

DROP TABLE IF EXISTS `bodybuilding_cardioexercise`;
/*!40101 SET @saved_cs_client     = @@character_set_client */;
/*!40101 SET character_set_client = utf8 */;
CREATE TABLE `bodybuilding_cardioexercise` (
  `id` int(11) NOT NULL AUTO_INCREMENT,
  `name` varchar(20) NOT NULL,
  PRIMARY KEY (`id`)
) ENGINE=InnoDB AUTO_INCREMENT=5 DEFAULT CHARSET=latin1;
/*!40101 SET character_set_client = @saved_cs_client */;

--
-- Dumping data for table `bodybuilding_cardioexercise`
--

LOCK TABLES `bodybuilding_cardioexercise` WRITE;
/*!40000 ALTER TABLE `bodybuilding_cardioexercise` DISABLE KEYS */;
INSERT INTO `bodybuilding_cardioexercise` VALUES (1,'Run'),(2,'Elliptical'),(3,'Swim'),(4,'Bike');
/*!40000 ALTER TABLE `bodybuilding_cardioexercise` ENABLE KEYS */;
UNLOCK TABLES;

--
-- Table structure for table `bodybuilding_cardiotraining`
--

DROP TABLE IF EXISTS `bodybuilding_cardiotraining`;
/*!40101 SET @saved_cs_client     = @@character_set_client */;
/*!40101 SET character_set_client = utf8 */;
CREATE TABLE `bodybuilding_cardiotraining` (
  `id` int(11) NOT NULL AUTO_INCREMENT,
  `time` bigint(20) DEFAULT NULL,
  `distance` decimal(7,2) DEFAULT NULL,
  `exercise_id` int(11) NOT NULL,
  `workout_id` int(11) NOT NULL,
  PRIMARY KEY (`id`),
  KEY `b_exercise_id_777561715e36ade8_fk_bodybuilding_cardioexercise_id` (`exercise_id`),
  KEY `bodybuilding_cardiotraining_c1bc7825` (`workout_id`),
  CONSTRAINT `b_exercise_id_777561715e36ade8_fk_bodybuilding_cardioexercise_id` FOREIGN KEY (`exercise_id`) REFERENCES `bodybuilding_cardioexercise` (`id`),
  CONSTRAINT `bo_workout_id_558145b141f59e40_fk_bodybuilding_workoutsession_id` FOREIGN KEY (`workout_id`) REFERENCES `bodybuilding_workoutsession` (`id`)
) ENGINE=InnoDB AUTO_INCREMENT=41 DEFAULT CHARSET=latin1;
/*!40101 SET character_set_client = @saved_cs_client */;

--
-- Dumping data for table `bodybuilding_cardiotraining`
--

LOCK TABLES `bodybuilding_cardiotraining` WRITE;
/*!40000 ALTER TABLE `bodybuilding_cardiotraining` DISABLE KEYS */;
INSERT INTO `bodybuilding_cardiotraining` VALUES (1,NULL,0.50,1,3),(2,13864000000,0.50,1,4),(3,254000000,0.50,1,6),(4,233000000,0.50,1,7),(5,225000000,0.50,1,8),(6,875000000,1.58,1,10),(7,925000000,NULL,1,12),(8,10000000,1.00,2,13),(9,223000000,0.50,1,15),(10,360000000,0.60,1,16),(11,660000000,1.15,1,17),(12,1380000000,1100.00,3,18),(13,300000000,0.65,1,19),(14,600000000,4.00,4,22),(15,300000000,1.80,4,23),(16,300000000,1.90,4,24),(17,480000000,1.03,1,25),(18,480000000,1.03,1,26),(19,480000000,3.30,4,27),(20,510000000,1.10,1,28),(21,1800000000,1200.00,3,30),(22,1320000000,1000.00,3,31),(23,600000000,2.75,4,32),(24,300000000,1.33,4,33),(25,300000000,1.35,4,34),(26,600000000,2.75,4,35),(27,600000000,2.65,4,36),(28,480000000,0.86,2,37),(29,600000000,2.25,4,38),(30,600000000,3.00,4,39),(31,300000000,1.40,4,40),(32,900000000,3.60,4,41),(33,900000000,4.00,4,42),(34,600000000,2.43,4,45),(35,600000000,2.51,4,46),(36,270000000,0.50,1,48),(37,271000000,0.50,1,49),(38,600000000,2.56,4,51),(39,282000000,0.50,1,53),(40,600000000,2.70,4,54);
/*!40000 ALTER TABLE `bodybuilding_cardiotraining` ENABLE KEYS */;
UNLOCK TABLES;

--
-- Table structure for table `bodybuilding_set`
--

DROP TABLE IF EXISTS `bodybuilding_set`;
/*!40101 SET @saved_cs_client     = @@character_set_client */;
/*!40101 SET character_set_client = utf8 */;
CREATE TABLE `bodybuilding_set` (
  `id` int(11) NOT NULL AUTO_INCREMENT,
  `set` smallint(5) unsigned NOT NULL,
  `weight` decimal(5,1) NOT NULL,
  `reps` smallint(5) unsigned NOT NULL,
  `training_id` int(11) NOT NULL,
  PRIMARY KEY (`id`),
  KEY `bodybuilding_set_e160a0b9` (`training_id`),
  CONSTRAINT `b_training_id_5ea179eadc1f71c9_fk_bodybuilding_weighttraining_id` FOREIGN KEY (`training_id`) REFERENCES `bodybuilding_weighttraining` (`id`)
) ENGINE=InnoDB AUTO_INCREMENT=1119 DEFAULT CHARSET=latin1;
/*!40101 SET character_set_client = @saved_cs_client */;

--
-- Dumping data for table `bodybuilding_set`
--

LOCK TABLES `bodybuilding_set` WRITE;
/*!40000 ALTER TABLE `bodybuilding_set` DISABLE KEYS */;
INSERT INTO `bodybuilding_set` VALUES (1,1,60.0,10,1),(2,2,70.0,10,1),(3,3,75.0,8,1),(4,4,80.0,4,1),(5,5,40.0,5,1),(6,1,50.0,8,2),(7,2,55.0,7,2),(8,3,60.0,4,2),(9,4,40.0,5,2),(10,1,-34.0,8,3),(11,2,-34.0,7,3),(12,3,-34.0,5,3),(13,4,-34.0,5,3),(14,1,100.0,20,4),(15,2,100.0,20,4),(16,3,100.0,20,4),(17,1,-28.0,10,5),(18,2,-28.0,8,5),(19,3,-28.0,5,5),(20,4,-28.0,3,5),(21,1,60.0,8,6),(22,2,70.0,8,6),(23,3,75.0,6,6),(24,4,80.0,3,6),(25,5,45.0,5,6),(26,1,45.0,8,7),(27,2,50.0,7,7),(28,3,55.0,6,7),(29,4,40.0,5,7),(30,1,85.0,10,8),(31,2,95.0,8,8),(32,3,105.0,8,8),(33,1,55.0,8,9),(34,2,70.0,10,9),(35,3,75.0,8,9),(36,4,80.0,4,9),(37,5,55.0,5,9),(38,1,50.0,8,10),(39,2,50.0,8,10),(40,3,55.0,6,10),(41,4,40.0,4,10),(42,1,-40.0,10,11),(43,2,-40.0,8,11),(44,3,-40.0,6,11),(45,4,-40.0,6,11),(46,1,75.0,10,12),(47,2,75.0,8,12),(48,3,85.0,6,12),(49,1,100.0,10,13),(50,2,110.0,10,13),(51,3,110.0,8,13),(52,1,55.0,12,14),(53,2,65.0,10,14),(54,3,75.0,8,14),(55,4,85.0,5,14),(56,5,55.0,5,14),(57,1,55.0,12,15),(58,2,65.0,10,15),(59,3,65.0,8,15),(60,4,65.0,8,15),(61,1,65.0,10,16),(62,2,65.0,8,16),(63,3,65.0,5,16),(64,1,30.0,10,17),(65,2,35.0,8,17),(66,3,40.0,7,17),(67,4,25.0,4,17),(68,1,120.0,10,18),(69,2,120.0,10,18),(70,3,120.0,6,18),(71,4,100.0,7,18),(72,1,100.0,10,19),(73,2,100.0,7,19),(74,3,100.0,6,19),(75,4,80.0,5,19),(76,1,45.0,12,20),(77,2,65.0,10,20),(78,3,65.0,8,20),(79,4,75.0,5,20),(80,1,65.0,10,21),(81,2,65.0,10,21),(82,3,75.0,8,21),(83,1,65.0,10,22),(84,2,75.0,8,22),(85,3,85.0,6,22),(86,4,65.0,5,22),(87,1,65.0,10,23),(88,2,65.0,8,23),(89,3,75.0,3,23),(90,1,35.0,8,24),(91,2,35.0,6,24),(92,3,35.0,6,24),(93,4,20.0,5,24),(94,1,65.0,11,25),(95,2,65.0,8,25),(96,3,65.0,7,25),(97,4,30.0,5,25),(98,1,65.0,12,26),(99,2,65.0,8,26),(100,3,65.0,6,26),(101,1,65.0,8,27),(102,2,65.0,8,27),(103,3,65.0,6,27),(104,4,45.0,8,27),(105,1,30.0,10,28),(106,2,35.0,8,28),(107,3,35.0,5,28),(108,4,25.0,5,28),(109,1,100.0,10,29),(110,2,100.0,8,29),(111,3,100.0,6,29),(112,4,60.0,4,29),(113,1,110.0,12,30),(114,2,120.0,12,30),(115,3,130.0,8,30),(116,4,100.0,5,30),(117,1,75.0,8,31),(118,2,75.0,7,31),(119,3,75.0,5,31),(120,4,65.0,3,31),(121,1,25.0,10,32),(122,2,30.0,9,32),(123,3,30.0,7,32),(124,1,100.0,20,33),(125,2,100.0,20,33),(126,3,100.0,10,33),(127,1,55.0,6,34),(128,2,70.0,10,34),(129,3,75.0,8,34),(130,4,80.0,3,34),(131,5,55.0,4,34),(132,1,50.0,7,35),(133,2,50.0,7,35),(134,3,50.0,6,35),(135,4,40.0,5,35),(136,1,-40.0,10,36),(137,2,-40.0,8,36),(138,3,-40.0,5,36),(139,4,-40.0,3,36),(140,1,130.0,8,37),(141,2,130.0,7,37),(142,3,130.0,6,37),(143,4,100.0,5,37),(144,1,55.0,12,38),(145,2,55.0,10,38),(146,3,60.0,6,38),(147,4,30.0,8,38),(148,1,30.0,10,39),(149,2,30.0,8,39),(150,3,25.0,8,39),(151,1,110.0,12,40),(152,2,110.0,10,40),(153,3,110.0,8,40),(154,1,65.0,12,41),(155,2,65.0,10,41),(156,3,75.0,3,41),(157,4,40.0,5,41),(158,1,65.0,12,42),(159,2,65.0,10,42),(160,3,65.0,8,42),(161,1,30.0,8,43),(162,2,35.0,7,43),(163,3,35.0,4,43),(164,4,20.0,4,43),(165,1,30.0,10,44),(166,2,30.0,8,44),(167,3,35.0,5,44),(168,4,20.0,5,44),(169,1,25.0,10,45),(170,2,35.0,8,45),(171,3,35.0,6,45),(172,4,20.0,4,45),(173,1,75.0,8,46),(174,2,75.0,7,46),(175,3,75.0,5,46),(176,1,65.0,12,47),(177,2,70.0,9,47),(178,3,75.0,5,47),(179,4,75.0,3,47),(180,5,50.0,5,47),(181,1,45.0,8,48),(182,2,45.0,8,48),(183,3,45.0,6,48),(184,4,30.0,5,48),(185,1,-46.0,10,49),(186,2,-46.0,9,49),(187,3,-46.0,7,49),(188,4,-46.0,5,49),(189,1,130.0,10,50),(190,2,140.0,8,50),(191,3,140.0,5,50),(192,4,110.0,4,50),(193,1,60.0,10,51),(194,2,100.0,10,51),(195,3,140.0,5,51),(196,4,130.0,5,51),(197,5,120.0,5,51),(198,1,100.0,12,52),(199,2,130.0,8,52),(200,3,130.0,6,52),(201,4,100.0,5,52),(202,1,135.0,8,53),(203,2,135.0,6,53),(204,3,135.0,4,53),(205,1,60.0,12,54),(206,2,65.0,10,54),(207,3,70.0,6,54),(208,4,75.0,3,54),(209,5,40.0,7,54),(210,1,40.0,8,55),(211,2,45.0,7,55),(212,3,45.0,7,55),(213,4,30.0,5,55),(214,1,-58.0,10,56),(215,2,-58.0,9,56),(216,3,-58.0,8,56),(217,4,-52.0,4,56),(218,1,120.0,10,57),(219,2,130.0,7,57),(220,3,140.0,6,57),(221,1,65.0,12,58),(222,2,70.0,8,58),(223,3,75.0,5,58),(224,4,75.0,3,58),(225,5,45.0,5,58),(226,1,45.0,8,59),(227,2,50.0,7,59),(228,3,50.0,6,59),(229,4,30.0,5,59),(230,1,-58.0,10,60),(231,2,-58.0,9,60),(232,3,-58.0,7,60),(233,4,-46.0,4,60),(234,1,120.0,10,61),(235,2,130.0,8,61),(236,3,140.0,8,61),(237,4,120.0,5,61),(238,1,60.0,12,62),(239,2,65.0,10,62),(240,3,70.0,7,62),(241,4,75.0,3,62),(242,5,45.0,7,62),(243,1,45.0,8,63),(244,2,45.0,7,63),(245,3,50.0,6,63),(246,4,35.0,5,63),(247,1,-52.0,10,64),(248,2,-52.0,9,64),(249,3,-52.0,6,64),(250,4,-52.0,5,64),(251,1,120.0,10,65),(252,2,130.0,8,65),(253,3,130.0,6,65),(254,4,100.0,5,65),(255,1,135.0,12,66),(256,2,150.0,10,66),(257,3,170.0,2,66),(258,4,135.0,3,66),(259,1,75.0,10,67),(260,2,75.0,10,67),(261,3,85.0,8,67),(262,1,65.0,12,68),(263,2,65.0,10,68),(264,3,65.0,7,68),(265,4,75.0,2,68),(266,5,45.0,6,68),(267,1,55.0,8,69),(268,2,65.0,7,69),(269,3,65.0,6,69),(270,1,30.0,8,70),(271,2,30.0,8,70),(272,3,35.0,6,70),(273,4,25.0,4,70),(274,1,30.0,8,71),(275,2,35.0,8,71),(276,3,35.0,5,71),(277,4,25.0,5,71),(278,1,120.0,10,72),(279,2,120.0,11,72),(280,3,120.0,7,72),(281,4,100.0,5,72),(282,5,80.0,5,72),(283,1,110.0,8,73),(284,2,110.0,7,73),(285,3,110.0,5,73),(286,4,90.0,3,73),(287,1,85.0,8,74),(288,2,85.0,8,74),(289,3,85.0,8,74),(290,4,65.0,3,74),(291,1,65.0,8,75),(292,2,65.0,8,75),(293,3,65.0,6,75),(294,4,75.0,2,75),(295,5,45.0,8,75),(296,1,65.0,10,76),(297,2,75.0,6,76),(298,3,65.0,7,76),(299,4,45.0,8,76),(300,1,30.0,7,77),(301,2,30.0,7,77),(302,3,35.0,4,77),(303,4,20.0,4,77),(304,1,30.0,8,78),(305,2,35.0,8,78),(306,3,40.0,5,78),(307,4,25.0,5,78),(308,1,65.0,8,79),(309,2,75.0,8,79),(310,3,80.0,6,79),(311,4,80.0,4,79),(312,5,50.0,5,79),(313,1,65.0,10,80),(314,2,85.0,6,80),(315,3,95.0,7,80),(316,4,105.0,5,80),(317,1,35.0,12,81),(318,2,40.0,10,81),(319,3,45.0,8,81),(320,4,35.0,5,81),(321,5,50.0,5,81),(322,1,-40.0,8,82),(323,2,-30.0,7,82),(324,3,-30.0,5,82),(325,4,-50.0,5,82),(326,1,12.5,10,83),(327,2,10.0,11,83),(328,3,10.0,9,83),(329,1,45.0,10,84),(330,2,45.0,10,84),(331,3,50.0,10,84),(332,1,55.0,7,85),(333,2,55.0,7,85),(334,3,60.0,5,85),(335,1,60.0,10,86),(336,2,65.0,8,86),(337,3,70.0,6,86),(338,1,155.0,8,87),(339,2,165.0,4,87),(340,1,50.0,7,88),(341,2,50.0,7,88),(342,3,50.0,6,88),(343,1,135.0,11,89),(344,2,135.0,7,89),(345,3,115.0,6,89),(346,4,135.0,4,89),(347,5,75.0,5,89),(348,1,90.0,16,90),(349,2,100.0,12,90),(350,3,100.0,12,90),(351,4,110.0,9,90),(352,5,70.0,20,90),(353,1,150.0,40,91),(354,2,170.0,30,91),(355,3,200.0,30,91),(356,1,105.0,12,92),(357,2,90.0,12,92),(358,3,90.0,12,92),(359,4,90.0,10,92),(360,5,75.0,10,92),(361,1,35.0,8,93),(362,2,35.0,5,93),(363,3,27.5,7,93),(364,4,27.5,5,93),(365,5,20.0,3,93),(366,1,70.0,10,94),(367,2,75.0,8,94),(368,3,80.0,5,94),(369,4,80.0,3,94),(370,1,65.0,8,95),(371,2,65.0,7,95),(372,3,65.0,6,95),(373,4,35.0,6,95),(374,1,40.0,8,96),(375,2,40.0,6,96),(376,3,40.0,4,96),(377,4,25.0,5,96),(378,1,50.0,7,97),(379,2,50.0,7,97),(380,3,50.0,7,97),(381,1,135.0,8,98),(382,2,155.0,6,98),(383,3,155.0,2,98),(384,4,135.0,6,98),(385,1,70.0,20,99),(386,2,70.0,20,99),(387,3,70.0,20,99),(388,1,80.0,8,100),(389,2,100.0,8,100),(390,3,120.0,5,100),(391,4,80.0,8,100),(392,1,55.0,12,101),(393,2,65.0,7,101),(394,3,65.0,4,101),(395,4,55.0,5,101),(396,1,55.0,8,102),(397,2,55.0,7,102),(398,3,55.0,6,102),(399,1,30.0,12,103),(400,2,35.0,6,103),(401,3,35.0,4,103),(402,4,20.0,3,103),(403,1,20.0,14,104),(404,2,25.0,10,104),(405,3,25.0,8,104),(406,4,30.0,6,104),(407,5,15.0,5,104),(408,1,100.0,10,105),(409,2,110.0,10,105),(410,3,110.0,8,105),(411,4,90.0,6,105),(412,1,100.0,8,106),(413,2,90.0,8,106),(414,3,90.0,7,106),(415,4,70.0,5,106),(416,1,60.0,10,107),(417,2,60.0,10,107),(418,3,65.0,6,107),(419,1,45.0,8,108),(420,2,45.0,8,108),(421,3,55.0,5,108),(422,1,120.0,10,109),(423,2,135.0,8,109),(424,3,135.0,7,109),(425,4,105.0,6,109),(426,5,75.0,8,109),(427,1,0.0,5,110),(428,2,0.0,5,110),(429,3,0.0,4,110),(430,1,45.0,25,111),(431,2,90.0,20,111),(432,3,90.0,20,111),(433,1,37.5,8,112),(434,2,40.0,7,112),(435,3,40.0,5,112),(436,4,25.0,5,112),(437,1,65.0,10,113),(438,2,70.0,8,113),(439,3,70.0,4,113),(440,1,60.0,8,114),(441,2,60.0,7,114),(442,3,65.0,5,114),(443,1,35.0,8,115),(444,2,35.0,8,115),(445,3,40.0,4,115),(446,4,20.0,7,115),(447,1,37.5,8,116),(448,2,40.0,4,116),(449,3,35.0,5,116),(450,4,22.5,5,116),(451,1,50.0,10,117),(452,2,60.0,7,117),(453,3,50.0,5,117),(454,4,40.0,5,117),(455,5,30.0,5,117),(456,1,15.0,10,118),(457,2,17.5,8,118),(458,3,17.5,6,118),(459,1,60.0,8,119),(460,2,70.0,8,119),(461,3,70.0,5,119),(462,4,70.0,2,119),(463,1,45.0,8,120),(464,2,45.0,6,120),(465,3,45.0,6,120),(466,4,22.5,8,120),(467,1,65.0,10,121),(468,2,75.0,6,121),(469,3,75.0,5,121),(470,4,32.5,12,121),(471,1,45.0,8,122),(472,2,45.0,8,122),(473,3,50.0,5,122),(474,4,25.0,6,122),(475,1,120.0,10,123),(476,2,130.0,8,123),(477,3,130.0,7,123),(478,4,100.0,7,123),(479,1,32.5,10,124),(480,2,40.0,6,124),(481,3,40.0,8,124),(482,4,25.0,8,124),(483,1,145.0,7,125),(484,2,145.0,6,125),(485,3,145.0,5,125),(486,4,155.0,4,125),(487,1,25.0,10,126),(488,2,25.0,10,126),(489,3,30.0,8,126),(490,1,45.0,20,127),(491,2,45.0,20,127),(492,3,90.0,15,127),(493,1,0.0,5,128),(494,2,0.0,4,128),(495,3,0.0,5,128),(496,1,70.0,10,129),(497,2,70.0,8,129),(498,3,70.0,5,129),(499,1,50.0,5,130),(500,2,50.0,7,130),(501,3,50.0,6,130),(502,4,30.0,5,130),(503,1,110.0,10,131),(504,2,120.0,10,131),(505,3,130.0,6,131),(506,4,100.0,5,131),(507,1,40.0,8,132),(508,2,40.0,6,132),(509,3,40.0,4,132),(510,4,25.0,8,132),(511,1,-42.0,8,133),(512,2,-42.0,8,133),(513,3,-42.0,6,133),(514,1,-12.0,7,134),(515,2,-12.0,6,134),(516,3,-12.0,5,134),(517,1,75.0,10,135),(518,2,75.0,8,135),(519,3,80.0,3,135),(520,4,80.0,3,135),(521,1,70.0,8,136),(522,2,70.0,6,136),(523,3,70.0,4,136),(524,4,45.0,5,136),(525,1,35.0,8,137),(526,2,35.0,6,137),(527,3,35.0,5,137),(528,4,25.0,3,137),(529,1,35.0,8,138),(530,2,40.0,6,138),(531,3,40.0,4,138),(532,4,25.0,5,138),(533,1,100.0,10,139),(534,2,110.0,10,139),(535,3,130.0,7,139),(536,4,100.0,5,139),(537,1,100.0,8,140),(538,2,100.0,6,140),(539,3,100.0,6,140),(540,4,80.0,4,140),(541,1,55.0,20,141),(542,2,75.0,20,141),(543,3,75.0,20,141),(544,4,75.0,20,141),(545,1,50.0,4,142),(546,2,50.0,4,142),(547,3,50.0,4,142),(548,1,70.0,10,143),(549,2,70.0,7,143),(550,3,70.0,5,143),(551,4,75.0,3,143),(552,1,50.0,7,144),(553,2,50.0,6,144),(554,3,50.0,5,144),(555,4,30.0,4,144),(556,1,130.0,10,145),(557,2,140.0,8,145),(558,3,140.0,6,145),(559,4,100.0,8,145),(560,1,135.0,9,146),(561,2,155.0,8,146),(562,3,175.0,4,146),(563,4,155.0,4,146),(564,5,135.0,8,146),(565,1,135.0,11,147),(566,2,165.0,6,147),(567,3,185.0,3,147),(568,4,125.0,10,147),(569,1,40.0,6,148),(570,2,35.0,6,148),(571,3,35.0,6,148),(572,1,50.0,8,149),(573,2,50.0,8,149),(574,3,50.0,8,149),(575,1,70.0,10,150),(576,2,70.0,8,150),(577,3,75.0,6,150),(578,1,50.0,8,151),(579,2,50.0,6,151),(580,3,50.0,5,151),(581,4,30.0,5,151),(582,1,120.0,10,152),(583,2,130.0,8,152),(584,3,130.0,6,152),(585,4,100.0,6,152),(586,1,32.5,10,153),(587,2,45.0,7,153),(588,3,45.0,6,153),(589,4,25.0,10,153),(590,1,110.0,8,154),(591,2,125.0,7,154),(592,3,130.0,5,154),(593,1,-42.0,6,155),(594,2,-42.0,6,155),(595,3,-42.0,6,155),(596,1,0.0,7,156),(597,2,0.0,6,156),(598,3,0.0,5,156),(599,1,70.0,8,157),(600,2,75.0,7,157),(601,3,75.0,2,157),(602,1,65.0,8,158),(603,2,65.0,6,158),(604,3,65.0,6,158),(605,1,35.0,8,159),(606,2,35.0,7,159),(607,3,40.0,4,159),(608,4,25.0,5,159),(609,1,37.5,8,160),(610,2,45.0,5,160),(611,3,45.0,3,160),(612,4,20.0,5,160),(613,1,80.0,8,161),(614,2,100.0,8,161),(615,3,110.0,6,161),(616,4,80.0,5,161),(617,5,60.0,5,161),(618,1,70.0,10,162),(619,2,70.0,8,162),(620,3,70.0,8,162),(621,4,70.0,6,162),(622,1,65.0,8,163),(623,2,65.0,8,163),(624,3,65.0,6,163),(625,1,30.0,8,164),(626,2,30.0,8,164),(627,3,35.0,6,164),(628,1,110.0,10,165),(629,2,110.0,8,165),(630,3,110.0,8,165),(631,1,110.0,8,166),(632,2,110.0,8,166),(633,3,110.0,8,166),(634,1,75.0,10,167),(635,2,75.0,8,167),(636,3,75.0,6,167),(637,4,80.0,3,167),(638,1,50.0,8,168),(639,2,50.0,7,168),(640,3,50.0,6,168),(641,4,30.0,5,168),(642,1,140.0,10,169),(643,2,140.0,8,169),(644,3,140.0,6,169),(645,4,120.0,5,169),(646,1,-30.0,8,170),(647,2,-30.0,7,170),(648,3,-30.0,6,170),(649,1,0.0,8,171),(650,2,0.0,7,171),(651,3,0.0,7,171),(652,1,135.0,8,172),(653,2,155.0,6,172),(654,3,155.0,4,172),(655,4,145.0,4,172),(656,5,135.0,6,172),(657,1,25.0,10,173),(658,2,25.0,8,173),(659,3,25.0,7,173),(660,1,45.0,14,174),(661,2,55.0,12,174),(662,3,65.0,3,174),(663,4,55.0,4,174),(664,5,45.0,8,174),(665,1,45.0,8,175),(666,2,45.0,7,175),(667,3,45.0,7,175),(668,4,45.0,6,175),(669,1,30.0,8,176),(670,2,30.0,7,176),(671,3,30.0,6,176),(672,4,20.0,5,176),(673,1,115.0,10,177),(674,2,135.0,8,177),(675,3,135.0,8,177),(676,1,55.0,12,178),(677,2,60.0,8,178),(678,3,60.0,5,178),(679,4,65.0,2,178),(680,5,35.0,5,178),(681,1,35.0,7,179),(682,2,35.0,7,179),(683,3,40.0,5,179),(684,4,25.0,6,179),(685,1,100.0,12,180),(686,2,120.0,10,180),(687,3,130.0,6,180),(688,4,100.0,6,180),(689,1,-58.0,8,181),(690,2,-58.0,7,181),(691,1,55.0,12,182),(692,2,60.0,8,182),(693,3,60.0,4,182),(694,4,65.0,3,182),(695,5,40.0,5,182),(696,1,35.0,7,183),(697,2,35.0,7,183),(698,3,40.0,6,183),(699,4,30.0,5,183),(700,1,-58.0,8,184),(701,2,-58.0,7,184),(702,3,-58.0,6,184),(703,1,-28.0,8,185),(704,2,-28.0,8,185),(705,3,-28.0,5,185),(706,1,110.0,10,186),(707,2,110.0,9,186),(708,3,130.0,5,186),(709,4,90.0,5,186),(710,1,45.0,14,187),(711,2,55.0,10,187),(712,3,65.0,2,187),(713,4,45.0,5,187),(714,1,55.0,8,188),(715,2,55.0,6,188),(716,3,55.0,5,188),(717,4,25.0,7,188),(718,1,25.0,10,189),(719,2,25.0,8,189),(720,3,25.0,7,189),(721,4,15.0,5,189),(722,1,25.0,10,190),(723,2,25.0,9,190),(724,3,30.0,7,190),(725,4,20.0,5,190),(726,1,200.0,30,191),(727,2,200.0,25,191),(728,3,225.0,20,191),(729,1,100.0,8,192),(730,2,100.0,8,192),(731,3,110.0,6,192),(732,4,80.0,4,192),(733,1,55.0,12,193),(734,2,60.0,9,193),(735,3,65.0,5,193),(736,4,70.0,2,193),(737,5,40.0,5,193),(738,1,35.0,8,194),(739,2,35.0,7,194),(740,3,40.0,5,194),(741,4,25.0,6,194),(742,1,-58.0,10,195),(743,2,-58.0,8,195),(744,3,-58.0,5,195),(745,1,-28.0,8,196),(746,2,-28.0,7,196),(747,3,-28.0,6,196),(748,1,135.0,10,197),(749,2,135.0,7,197),(750,3,135.0,7,197),(751,1,65.0,8,198),(752,2,75.0,9,198),(753,3,80.0,6,198),(754,4,85.0,3,198),(755,5,65.0,3,198),(756,1,50.0,8,199),(757,2,55.0,6,199),(758,3,55.0,5,199),(759,4,40.0,5,199),(760,1,-28.0,8,200),(761,2,-28.0,6,200),(762,3,-34.0,5,200),(763,4,-40.0,5,200),(764,1,130.0,10,201),(765,2,140.0,8,201),(766,3,140.0,6,201),(767,4,110.0,4,201),(768,1,95.0,10,202),(769,2,115.0,10,202),(770,3,125.0,10,202),(771,1,55.0,12,203),(772,2,65.0,8,203),(773,3,65.0,5,203),(774,4,65.0,5,203),(775,5,55.0,6,203),(776,1,55.0,8,204),(777,2,55.0,6,204),(778,3,45.0,5,204),(779,4,45.0,4,204),(780,1,25.0,10,205),(781,2,30.0,8,205),(782,3,35.0,5,205),(783,4,20.0,5,205),(784,1,100.0,12,206),(785,2,100.0,9,206),(786,3,100.0,8,206),(787,4,80.0,8,206),(788,1,100.0,10,207),(789,2,100.0,8,207),(790,3,100.0,6,207),(791,4,70.0,5,207),(792,1,60.0,12,208),(793,2,60.0,8,208),(794,3,65.0,6,208),(795,4,70.0,4,208),(796,5,50.0,4,208),(797,1,-58.0,8,209),(798,2,-58.0,8,209),(799,3,-58.0,6,209),(800,1,-34.0,8,210),(801,2,-28.0,8,210),(802,3,-28.0,6,210),(803,1,110.0,10,211),(804,2,120.0,7,211),(805,3,100.0,8,211),(806,4,80.0,5,211),(807,1,250.0,16,212),(808,2,275.0,10,212),(809,3,275.0,10,212),(810,4,200.0,10,212),(811,1,55.0,10,213),(812,2,55.0,6,213),(813,3,55.0,5,213),(814,4,45.0,5,213),(815,1,25.0,10,214),(816,2,30.0,10,214),(817,3,35.0,5,214),(818,4,25.0,5,214),(819,1,25.0,10,215),(820,2,30.0,8,215),(821,3,35.0,5,215),(822,4,20.0,5,215),(823,1,55.0,10,216),(824,2,55.0,8,216),(825,3,65.0,1,216),(826,4,45.0,7,216),(827,1,90.0,10,217),(828,2,90.0,10,217),(829,3,90.0,10,217),(830,4,70.0,5,217),(831,1,90.0,10,218),(832,2,90.0,7,218),(833,3,90.0,6,218),(834,4,70.0,3,218),(835,1,100.0,20,219),(836,2,100.0,15,219),(837,3,100.0,15,219),(838,1,100.0,20,220),(839,2,100.0,20,220),(840,3,100.0,15,220),(841,1,70.0,15,221),(842,2,90.0,10,221),(843,3,90.0,20,221),(844,1,45.0,14,222),(845,2,55.0,10,222),(846,3,55.0,8,222),(847,4,65.0,7,222),(848,1,45.0,8,223),(849,2,55.0,6,223),(850,3,55.0,6,223),(851,1,30.0,10,224),(852,2,30.0,8,224),(853,3,35.0,7,224),(854,4,20.0,6,224),(855,1,90.0,12,225),(856,2,100.0,12,225),(857,3,120.0,5,225),(858,4,90.0,5,225),(859,1,90.0,8,226),(860,2,90.0,8,226),(861,3,100.0,5,226),(862,4,80.0,5,226),(863,1,100.0,20,227),(864,2,110.0,18,227),(865,3,115.0,15,227),(866,1,60.0,12,228),(867,2,60.0,7,228),(868,3,60.0,4,228),(869,4,40.0,5,228),(870,1,35.0,5,229),(871,2,35.0,6,229),(872,3,35.0,7,229),(873,4,25.0,5,229),(874,1,110.0,12,230),(875,2,120.0,9,230),(876,3,120.0,6,230),(877,4,90.0,5,230),(878,1,60.0,10,231),(879,2,60.0,8,231),(880,3,60.0,6,231),(881,4,65.0,5,231),(882,5,40.0,5,231),(883,1,35.0,10,232),(884,2,35.0,8,232),(885,3,35.0,9,232),(886,4,20.0,5,232),(887,1,110.0,8,233),(888,2,110.0,8,233),(889,3,100.0,6,233),(890,4,80.0,6,233),(891,1,110.0,8,234),(892,2,110.0,7,234),(893,3,135.0,5,234),(894,1,55.0,12,235),(895,2,55.0,8,235),(896,3,60.0,8,235),(897,4,65.0,5,235),(898,1,55.0,8,236),(899,2,55.0,5,236),(900,3,55.0,5,236),(901,1,25.0,12,237),(902,2,30.0,8,237),(903,3,30.0,7,237),(904,4,20.0,5,237),(905,1,20.0,12,238),(906,2,25.0,10,238),(907,3,30.0,8,238),(908,4,30.0,5,238),(909,5,20.0,5,238),(910,1,100.0,10,239),(911,2,100.0,12,239),(912,3,100.0,8,239),(913,4,80.0,5,239),(914,1,90.0,8,240),(915,2,90.0,7,240),(916,3,90.0,6,240),(917,4,70.0,5,240),(918,1,45.0,12,241),(919,2,55.0,10,241),(920,3,55.0,8,241),(921,1,60.0,10,242),(922,2,60.0,8,242),(923,3,65.0,5,242),(924,4,40.0,5,242),(925,1,35.0,8,243),(926,2,35.0,8,243),(927,3,40.0,8,243),(928,4,25.0,8,243),(929,1,110.0,10,244),(930,2,120.0,10,244),(931,3,120.0,5,244),(932,4,100.0,5,244),(933,1,-88.0,10,245),(934,2,-88.0,7,245),(935,3,-88.0,7,245),(936,4,-88.0,7,245),(937,1,100.0,20,246),(938,2,100.0,20,246),(939,3,100.0,20,246),(940,1,35.0,10,247),(941,2,35.0,9,247),(942,3,40.0,7,247),(943,4,25.0,5,247),(944,1,35.0,10,248),(945,2,35.0,9,248),(946,3,40.0,7,248),(947,4,25.0,5,248),(948,1,-88.0,10,249),(949,2,-76.0,10,249),(950,3,-76.0,7,249),(951,4,-70.0,5,249),(952,1,110.0,10,250),(953,2,110.0,7,250),(954,3,120.0,7,250),(955,1,55.0,12,251),(956,2,60.0,9,251),(957,3,60.0,6,251),(958,1,25.0,12,252),(959,2,30.0,10,252),(960,3,30.0,8,252),(961,4,35.0,6,252),(962,5,25.0,5,252),(963,1,35.0,8,253),(964,2,35.0,6,253),(965,3,35.0,4,253),(966,4,20.0,3,253),(967,1,120.0,12,254),(968,2,120.0,10,254),(969,3,120.0,8,254),(970,4,100.0,6,254),(971,1,90.0,7,255),(972,2,90.0,6,255),(973,3,80.0,6,255),(974,4,60.0,6,255),(975,1,100.0,20,256),(976,2,100.0,20,256),(977,3,110.0,20,256),(978,1,55.0,12,257),(979,2,60.0,10,257),(980,3,65.0,6,257),(981,4,70.0,3,257),(982,5,40.0,5,257),(983,1,35.0,9,258),(984,2,40.0,7,258),(985,3,40.0,6,258),(986,4,25.0,6,258),(987,1,-76.0,10,259),(988,2,-76.0,9,259),(989,3,-76.0,8,259),(990,4,-70.0,5,259),(991,1,110.0,10,260),(992,2,120.0,9,260),(993,3,120.0,7,260),(994,4,100.0,5,260),(995,1,25.0,10,261),(996,2,25.0,10,261),(997,3,25.0,10,261),(998,1,55.0,12,262),(999,2,65.0,9,262),(1000,3,65.0,5,262),(1001,4,55.0,2,262),(1002,1,55.0,9,263),(1003,2,55.0,7,263),(1004,3,55.0,7,263),(1005,1,35.0,8,264),(1006,2,35.0,6,264),(1007,3,35.0,5,264),(1008,4,20.0,4,264),(1009,1,25.0,10,265),(1010,2,30.0,8,265),(1011,3,35.0,6,265),(1012,4,20.0,5,265),(1013,1,120.0,10,266),(1014,2,120.0,8,266),(1015,3,130.0,5,266),(1016,4,100.0,5,266),(1017,1,100.0,8,267),(1018,2,90.0,8,267),(1019,3,90.0,5,267),(1020,4,70.0,3,267),(1021,1,55.0,12,268),(1022,2,65.0,8,268),(1023,3,65.0,5,268),(1024,4,65.0,3,268),(1025,1,55.0,8,269),(1026,2,55.0,8,269),(1027,3,65.0,5,269),(1028,1,30.0,10,270),(1029,2,35.0,6,270),(1030,3,35.0,5,270),(1031,4,20.0,3,270),(1032,1,30.0,10,271),(1033,2,35.0,8,271),(1034,3,40.0,5,271),(1035,4,25.0,5,271),(1036,1,-22.0,8,272),(1037,2,-22.0,8,272),(1038,3,-28.0,8,272),(1039,1,55.0,12,273),(1040,2,60.0,10,273),(1041,3,65.0,8,273),(1042,4,70.0,5,273),(1043,5,40.0,5,273),(1044,1,35.0,10,274),(1045,2,40.0,7,274),(1046,3,40.0,7,274),(1047,4,25.0,7,274),(1048,1,-70.0,10,275),(1049,2,-70.0,10,275),(1050,3,-70.0,7,275),(1051,4,-64.0,4,275),(1052,1,100.0,20,276),(1053,2,110.0,20,276),(1054,3,110.0,15,276),(1055,1,110.0,10,277),(1056,2,120.0,10,277),(1057,3,130.0,7,277),(1058,4,100.0,5,277),(1059,1,55.0,12,278),(1060,2,65.0,10,278),(1061,3,70.0,6,278),(1062,4,70.0,5,278),(1063,5,40.0,5,278),(1064,1,40.0,8,279),(1065,2,40.0,8,279),(1066,3,45.0,6,279),(1067,4,25.0,8,279),(1068,1,-64.0,10,280),(1069,2,-64.0,8,280),(1070,3,-64.0,7,280),(1071,4,-64.0,5,280),(1072,1,110.0,20,281),(1073,2,110.0,20,281),(1074,3,110.0,15,281),(1075,1,120.0,10,282),(1076,2,130.0,10,282),(1077,3,140.0,7,282),(1078,4,110.0,5,282),(1079,1,65.0,12,283),(1080,2,65.0,8,283),(1081,3,65.0,5,283),(1082,4,45.0,8,283),(1083,1,55.0,9,284),(1084,2,55.0,8,284),(1085,3,65.0,5,284),(1086,1,25.0,8,285),(1087,2,30.0,7,285),(1088,3,30.0,6,285),(1089,4,20.0,5,285),(1090,1,30.0,10,286),(1091,2,35.0,8,286),(1092,3,40.0,4,286),(1093,4,25.0,4,286),(1094,1,110.0,10,287),(1095,2,120.0,10,287),(1096,3,120.0,7,287),(1097,4,100.0,5,287),(1098,1,110.0,10,288),(1099,2,110.0,7,288),(1100,3,110.0,5,288),(1101,4,90.0,4,288),(1102,1,55.0,12,289),(1103,2,55.0,8,289),(1104,3,60.0,6,289),(1105,4,65.0,3,289),(1106,5,40.0,6,289),(1107,1,40.0,7,290),(1108,2,40.0,6,290),(1109,3,40.0,4,290),(1110,4,35.0,3,290),(1111,1,110.0,12,291),(1112,2,110.0,10,291),(1113,3,120.0,8,291),(1114,4,120.0,5,291),(1115,5,100.0,5,291),(1116,1,250.0,18,292),(1117,2,290.0,10,292),(1118,3,310.0,8,292);
/*!40000 ALTER TABLE `bodybuilding_set` ENABLE KEYS */;
UNLOCK TABLES;

--
-- Table structure for table `bodybuilding_weightexercise`
--

DROP TABLE IF EXISTS `bodybuilding_weightexercise`;
/*!40101 SET @saved_cs_client     = @@character_set_client */;
/*!40101 SET character_set_client = utf8 */;
CREATE TABLE `bodybuilding_weightexercise` (
  `id` int(11) NOT NULL AUTO_INCREMENT,
  `name` varchar(50) NOT NULL,
  PRIMARY KEY (`id`)
) ENGINE=InnoDB AUTO_INCREMENT=40 DEFAULT CHARSET=latin1;
/*!40101 SET character_set_client = @saved_cs_client */;

--
-- Dumping data for table `bodybuilding_weightexercise`
--

LOCK TABLES `bodybuilding_weightexercise` WRITE;
/*!40000 ALTER TABLE `bodybuilding_weightexercise` DISABLE KEYS */;
INSERT INTO `bodybuilding_weightexercise` VALUES (1,'Dumbbell Bench Press'),(2,'Incline Dumbbell Bench Press'),(3,'Pullup'),(4,'One Leg Press'),(5,'Squat'),(6,'Bent Over Barbell Row'),(7,'Machine Fly'),(8,'Barbell Curl'),(9,'Skullcrusher'),(10,'Barbell Preacher Curl'),(11,'Arnold Press'),(12,'Tricep Pushdown'),(13,'Cable Curl'),(14,'Barbell Military Press'),(15,'Dumbbell Curl'),(16,'Seated Row'),(17,'Dumbbell Preacher Curl'),(18,'Lat Pulldown'),(19,'Bench Press'),(20,'Machine Bench Press'),(21,'Crazy Triceps'),(22,'Dumbbell Military Press'),(23,'Rear Delt Raise'),(24,'Front Raise'),(25,'Barbell Crazy Triceps'),(26,'Barbell Crazy 7s'),(27,'Barbell Bench Press'),(28,'Machine Rows'),(29,'Calf Machine'),(30,'Calf Raise'),(31,'Dips'),(32,'Dumbbell Fly'),(33,'Dumbbell Rows'),(34,'Shrugs'),(35,'Cable Fly'),(36,'Rotary Calf'),(37,'Leg Press'),(38,'Hip Abduction'),(39,'Hip Adduction');
/*!40000 ALTER TABLE `bodybuilding_weightexercise` ENABLE KEYS */;
UNLOCK TABLES;

--
-- Table structure for table `bodybuilding_weighttraining`
--

DROP TABLE IF EXISTS `bodybuilding_weighttraining`;
/*!40101 SET @saved_cs_client     = @@character_set_client */;
/*!40101 SET character_set_client = utf8 */;
CREATE TABLE `bodybuilding_weighttraining` (
  `id` int(11) NOT NULL AUTO_INCREMENT,
  `exercise_id` int(11) NOT NULL,
  `workout_id` int(11) NOT NULL,
  PRIMARY KEY (`id`),
  KEY `b_exercise_id_5a1869058300bfd6_fk_bodybuilding_weightexercise_id` (`exercise_id`),
  KEY `bodybuilding_weighttraining_c1bc7825` (`workout_id`),
  CONSTRAINT `b_exercise_id_5a1869058300bfd6_fk_bodybuilding_weightexercise_id` FOREIGN KEY (`exercise_id`) REFERENCES `bodybuilding_weightexercise` (`id`),
  CONSTRAINT `bo_workout_id_5d9540d5d492252e_fk_bodybuilding_workoutsession_id` FOREIGN KEY (`workout_id`) REFERENCES `bodybuilding_workoutsession` (`id`)
) ENGINE=InnoDB AUTO_INCREMENT=293 DEFAULT CHARSET=latin1;
/*!40101 SET character_set_client = @saved_cs_client */;

--
-- Dumping data for table `bodybuilding_weighttraining`
--

LOCK TABLES `bodybuilding_weighttraining` WRITE;
/*!40000 ALTER TABLE `bodybuilding_weighttraining` DISABLE KEYS */;
INSERT INTO `bodybuilding_weighttraining` VALUES (1,1,1),(2,2,1),(3,3,1),(4,4,2),(5,3,2),(6,1,2),(7,2,2),(8,5,2),(9,1,3),(10,2,3),(11,3,3),(12,6,3),(13,7,3),(14,8,4),(15,9,4),(16,10,4),(17,11,4),(18,12,4),(19,13,4),(20,8,5),(21,9,5),(22,14,5),(23,10,5),(24,11,5),(25,8,6),(26,9,6),(27,10,6),(28,11,6),(29,13,6),(30,12,6),(31,14,6),(32,15,6),(33,4,7),(34,1,7),(35,2,7),(36,3,7),(37,16,7),(38,1,8),(39,15,8),(40,16,8),(41,10,9),(42,9,9),(43,15,9),(44,11,9),(45,17,9),(46,14,9),(47,1,10),(48,2,10),(49,3,10),(50,16,10),(51,7,10),(52,18,10),(53,19,10),(54,1,11),(55,2,11),(56,3,11),(57,16,11),(58,1,11),(59,2,12),(60,3,12),(61,16,12),(62,1,13),(63,2,13),(64,3,13),(65,16,13),(66,20,13),(67,6,13),(68,10,14),(69,21,14),(70,15,14),(71,11,14),(72,12,14),(73,13,14),(74,14,15),(75,10,15),(76,9,15),(77,15,15),(78,11,15),(79,1,16),(80,14,16),(81,22,16),(82,3,16),(83,23,16),(84,24,16),(85,25,17),(86,10,17),(87,5,17),(88,26,17),(89,27,18),(90,28,18),(91,29,18),(92,18,18),(93,2,18),(94,10,19),(95,25,19),(96,11,19),(97,26,19),(98,5,19),(99,30,19),(100,12,19),(101,10,20),(102,25,20),(103,17,20),(104,11,20),(105,12,20),(106,13,20),(107,1,21),(108,2,21),(109,16,21),(110,31,21),(111,30,21),(112,32,21),(113,10,22),(114,25,22),(115,11,22),(116,17,22),(117,12,22),(118,24,22),(119,1,23),(120,2,23),(121,1,24),(122,2,24),(123,16,24),(124,32,24),(125,5,24),(126,33,24),(127,30,24),(128,31,24),(129,1,25),(130,2,25),(131,16,25),(132,32,25),(133,3,25),(134,31,25),(135,10,26),(136,25,26),(137,17,26),(138,11,26),(139,12,26),(140,13,26),(141,30,26),(142,26,26),(143,1,27),(144,2,27),(145,16,27),(146,5,27),(147,27,27),(148,32,27),(149,34,27),(150,1,28),(151,2,28),(152,16,28),(153,32,28),(154,16,28),(155,3,28),(156,31,28),(157,10,29),(158,25,29),(159,17,29),(160,11,29),(161,12,29),(162,10,30),(163,26,30),(164,11,30),(165,12,30),(166,13,30),(167,1,31),(168,2,31),(169,16,31),(170,3,31),(171,31,31),(172,27,31),(173,35,31),(174,10,32),(175,25,32),(176,11,32),(177,5,32),(178,1,33),(179,2,33),(180,16,33),(181,3,33),(182,1,34),(183,2,34),(184,3,34),(185,31,34),(186,16,34),(187,10,35),(188,25,35),(189,15,35),(190,11,35),(191,36,35),(192,12,35),(193,1,36),(194,2,36),(195,3,36),(196,31,36),(197,5,36),(198,1,37),(199,2,37),(200,3,37),(201,16,37),(202,5,37),(203,10,38),(204,21,38),(205,11,38),(206,12,38),(207,13,38),(208,1,39),(209,3,39),(210,31,39),(211,16,39),(212,37,39),(213,25,40),(214,17,40),(215,11,40),(216,10,40),(217,12,40),(218,13,40),(219,4,41),(220,38,41),(221,39,41),(222,10,41),(223,21,41),(224,11,41),(225,12,41),(226,13,41),(227,4,42),(228,1,42),(229,2,42),(230,16,42),(231,1,43),(232,2,43),(233,16,43),(234,20,43),(235,10,44),(236,21,44),(237,17,44),(238,11,44),(239,12,44),(240,13,44),(241,14,44),(242,1,45),(243,2,45),(244,16,45),(245,3,45),(246,4,46),(247,1,46),(248,2,46),(249,3,46),(250,16,46),(251,10,47),(252,11,47),(253,17,47),(254,12,47),(255,13,47),(256,4,48),(257,1,48),(258,2,48),(259,3,48),(260,16,48),(261,32,48),(262,10,49),(263,21,49),(264,1,49),(265,11,49),(266,12,49),(267,13,49),(268,10,50),(269,21,50),(270,17,50),(271,11,50),(272,31,50),(273,1,51),(274,2,51),(275,3,51),(276,4,51),(277,16,51),(278,1,52),(279,2,52),(280,3,52),(281,4,52),(282,16,52),(283,10,53),(284,21,53),(285,15,53),(286,11,53),(287,12,53),(288,13,53),(289,1,54),(290,2,54),(291,16,54),(292,37,54);
/*!40000 ALTER TABLE `bodybuilding_weighttraining` ENABLE KEYS */;
UNLOCK TABLES;

--
-- Table structure for table `bodybuilding_workoutsession`
--

DROP TABLE IF EXISTS `bodybuilding_workoutsession`;
/*!40101 SET @saved_cs_client     = @@character_set_client */;
/*!40101 SET character_set_client = utf8 */;
CREATE TABLE `bodybuilding_workoutsession` (
  `id` int(11) NOT NULL AUTO_INCREMENT,
  `date` date NOT NULL,
  `weight` decimal(4,1) DEFAULT NULL,
  `startTime` smallint(5) unsigned DEFAULT NULL,
  `endTime` smallint(5) unsigned DEFAULT NULL,
  PRIMARY KEY (`id`)
) ENGINE=InnoDB AUTO_INCREMENT=55 DEFAULT CHARSET=latin1;
/*!40101 SET character_set_client = @saved_cs_client */;

--
-- Dumping data for table `bodybuilding_workoutsession`
--

LOCK TABLES `bodybuilding_workoutsession` WRITE;
/*!40000 ALTER TABLE `bodybuilding_workoutsession` DISABLE KEYS */;
INSERT INTO `bodybuilding_workoutsession` VALUES (1,'2016-09-29',NULL,1747,1817),(2,'2016-10-13',NULL,2111,2155),(3,'2016-09-24',213.8,1445,1313),(4,'2016-09-27',215.4,2147,2224),(5,'2016-09-22',213.4,2225,2301),(6,'2016-09-14',215.0,2104,2207),(7,'2016-09-20',113.0,1946,2022),(8,'2016-08-31',210.4,1027,1110),(9,'2016-09-06',NULL,NULL,NULL),(10,'2016-09-12',212.4,1905,1944),(11,'2016-08-23',NULL,NULL,NULL),(12,'2016-09-04',214.2,1604,1653),(13,'2016-08-29',210.8,NULL,NULL),(14,'2016-08-24',NULL,2130,2208),(15,'2016-10-18',NULL,2146,2236),(16,'2016-10-21',NULL,1805,1922),(17,'2014-06-22',NULL,1950,2020),(18,'2014-07-15',202.4,1940,2107),(19,'2014-07-05',NULL,1900,1946),(20,'2016-07-19',NULL,NULL,NULL),(21,'2014-07-23',NULL,1830,1900),(22,'2014-07-25',NULL,1800,1842),(23,'2014-07-28',NULL,NULL,NULL),(24,'2014-07-31',NULL,2100,2200),(25,'2014-08-25',206.6,NULL,NULL),(26,'2014-08-26',NULL,NULL,NULL),(27,'2014-09-03',NULL,NULL,NULL),(28,'2014-08-11',NULL,NULL,NULL),(29,'2014-08-01',NULL,NULL,NULL),(30,'2014-09-16',NULL,NULL,NULL),(31,'2014-09-29',NULL,NULL,NULL),(32,'2015-10-27',NULL,NULL,NULL),(33,'2015-10-28',NULL,NULL,NULL),(34,'2015-11-03',NULL,NULL,NULL),(35,'2015-11-05',NULL,NULL,NULL),(36,'2015-11-10',NULL,NULL,NULL),(37,'2016-10-25',212.4,2055,2144),(38,'2015-11-14',NULL,NULL,NULL),(39,'2015-11-17',NULL,NULL,NULL),(40,'2015-11-19',NULL,NULL,NULL),(41,'2016-05-02',NULL,NULL,NULL),(42,'2016-06-01',NULL,NULL,NULL),(43,'2016-07-13',NULL,NULL,NULL),(44,'2016-07-14',NULL,NULL,NULL),(45,'2016-07-17',NULL,NULL,NULL),(46,'2016-07-26',NULL,NULL,NULL),(47,'2016-07-28',NULL,NULL,NULL),(48,'2016-07-31',NULL,NULL,NULL),(49,'2016-08-02',NULL,NULL,NULL),(50,'2016-08-08',NULL,NULL,NULL),(51,'2016-08-06',NULL,NULL,NULL),(52,'2016-08-11',NULL,NULL,NULL),(53,'2016-08-16',NULL,NULL,NULL),(54,'2016-10-20',NULL,NULL,NULL);
/*!40000 ALTER TABLE `bodybuilding_workoutsession` ENABLE KEYS */;
UNLOCK TABLES;

--
-- Table structure for table `django_admin_log`
--

DROP TABLE IF EXISTS `django_admin_log`;
/*!40101 SET @saved_cs_client     = @@character_set_client */;
/*!40101 SET character_set_client = utf8 */;
CREATE TABLE `django_admin_log` (
  `id` int(11) NOT NULL AUTO_INCREMENT,
  `action_time` datetime(6) NOT NULL,
  `object_id` longtext,
  `object_repr` varchar(200) NOT NULL,
  `action_flag` smallint(5) unsigned NOT NULL,
  `change_message` longtext NOT NULL,
  `content_type_id` int(11) DEFAULT NULL,
  `user_id` int(11) NOT NULL,
  PRIMARY KEY (`id`),
  KEY `djang_content_type_id_697914295151027a_fk_django_content_type_id` (`content_type_id`),
  KEY `django_admin_log_user_id_52fdd58701c5f563_fk_auth_user_id` (`user_id`),
  CONSTRAINT `djang_content_type_id_697914295151027a_fk_django_content_type_id` FOREIGN KEY (`content_type_id`) REFERENCES `django_content_type` (`id`),
  CONSTRAINT `django_admin_log_user_id_52fdd58701c5f563_fk_auth_user_id` FOREIGN KEY (`user_id`) REFERENCES `auth_user` (`id`)
) ENGINE=InnoDB AUTO_INCREMENT=396 DEFAULT CHARSET=latin1;
/*!40101 SET character_set_client = @saved_cs_client */;

--
-- Dumping data for table `django_admin_log`
--

LOCK TABLES `django_admin_log` WRITE;
/*!40000 ALTER TABLE `django_admin_log` DISABLE KEYS */;
INSERT INTO `django_admin_log` VALUES (1,'2016-10-20 06:54:12.759522','1','2016-09-29',1,'',7,1),(2,'2016-10-20 06:55:22.825625','1','Dumbbell Bench Press',1,'',8,1),(3,'2016-10-20 06:56:14.640085','1','2016-09-29 Dumbbell Bench Press',1,'',10,1),(4,'2016-10-20 06:56:34.675994','2','Incline Dumbbell Bench Press',1,'',8,1),(5,'2016-10-20 06:57:28.330999','2','2016-09-29 Incline Dumbbell Bench Press',1,'',10,1),(6,'2016-10-20 06:58:10.272552','3','Pullup',1,'',8,1),(7,'2016-10-20 06:58:55.098682','3','2016-09-29 Pullup',1,'',10,1),(8,'2016-10-20 07:22:56.728627','2','2016-10-13',1,'',7,1),(9,'2016-10-20 07:32:03.042011','4','One Leg Press',1,'',8,1),(10,'2016-10-20 07:32:20.807553','4','2016-10-13 One Leg Press',1,'',10,1),(11,'2016-10-20 07:32:58.829442','5','2016-10-13 Pullup',1,'',10,1),(12,'2016-10-20 07:33:53.011366','6','2016-10-13 Dumbbell Bench Press',1,'',10,1),(13,'2016-10-20 07:34:23.032546','7','2016-10-13 Incline Dumbbell Bench Press',1,'',10,1),(14,'2016-10-20 07:34:30.572094','5','Squat',1,'',8,1),(15,'2016-10-20 07:34:44.109692','8','2016-10-13 Squat',1,'',10,1),(16,'2016-10-20 07:35:20.273864','1','Run',1,'',9,1),(17,'2016-10-20 07:35:32.353876','3','2016-09-24',1,'',7,1),(18,'2016-10-20 07:36:28.960474','9','2016-09-24 Dumbbell Bench Press',1,'',10,1),(19,'2016-10-20 07:36:53.487805','10','2016-09-24 Incline Dumbbell Bench Press',1,'',10,1),(20,'2016-10-20 07:37:31.864987','11','2016-09-24 Pullup',1,'',10,1),(21,'2016-10-20 07:38:27.934724','6','Bent Over Barbell Row',1,'',8,1),(22,'2016-10-20 07:39:31.719144','12','2016-09-24 Bent Over Barbell Row',1,'',10,1),(23,'2016-10-20 07:40:00.801224','7','Machine Fly',1,'',8,1),(24,'2016-10-20 07:40:19.546368','13','2016-09-24 Machine Fly',1,'',10,1),(25,'2016-10-20 07:43:54.215051','4','2016-09-27',1,'',7,1),(26,'2016-10-20 07:44:28.503232','8','Barbell Curl',1,'',8,1),(27,'2016-10-20 07:45:03.184113','14','2016-09-27 Barbell Curl',1,'',10,1),(28,'2016-10-20 07:45:29.423251','9','Skullcrusher',1,'',8,1),(29,'2016-10-20 07:45:49.454403','15','2016-09-27 Skullcrusher',1,'',10,1),(30,'2016-10-20 07:46:06.933558','10','Barbell Preacher Curl',1,'',8,1),(31,'2016-10-20 07:46:20.450759','16','2016-09-27 Barbell Preacher Curl',1,'',10,1),(32,'2016-10-20 07:46:25.974629','11','Arnold Press',1,'',8,1),(33,'2016-10-20 07:46:54.858516','17','2016-09-27 Arnold Press',1,'',10,1),(34,'2016-10-20 07:48:29.490294','12','Tricep Pushdown',1,'',8,1),(35,'2016-10-20 07:48:49.056782','18','2016-09-27 Tricep Pushdown',1,'',10,1),(36,'2016-10-20 07:49:02.252782','13','Cable Curl',1,'',8,1),(37,'2016-10-20 07:49:31.146820','19','2016-09-27 Cable Curl',1,'',10,1),(38,'2016-10-20 07:52:39.581662','5','2016-09-22',1,'',7,1),(39,'2016-10-20 07:53:33.049567','20','2016-09-22 Barbell Curl',1,'',10,1),(40,'2016-10-20 07:54:08.239972','21','2016-09-22 Skullcrusher',1,'',10,1),(41,'2016-10-20 07:54:50.850055','14','Standing Military Press',1,'',8,1),(42,'2016-10-20 07:55:19.058658','22','2016-09-22 Standing Military Press',1,'',10,1),(43,'2016-10-20 07:55:50.864138','23','2016-09-22 Barbell Preacher Curl',1,'',10,1),(44,'2016-10-20 07:56:26.542463','24','2016-09-22 Arnold Press',1,'',10,1),(45,'2016-10-20 07:56:53.065758','6','2016-09-14',1,'',7,1),(46,'2016-10-20 07:57:24.952562','25','2016-09-14 Barbell Curl',1,'',10,1),(47,'2016-10-20 07:57:43.161871','26','2016-09-14 Skullcrusher',1,'',10,1),(48,'2016-10-20 09:01:04.567467','27','2016-09-14 Barbell Preacher Curl',1,'',10,1),(49,'2016-10-20 09:01:35.443446','28','2016-09-14 Arnold Press',1,'',10,1),(50,'2016-10-20 09:02:22.685715','29','2016-09-14 Cable Curl',1,'',10,1),(51,'2016-10-20 09:02:55.730832','30','2016-09-14 Tricep Pushdown',1,'',10,1),(52,'2016-10-20 09:04:13.143165','31','2016-09-14 Standing Military Press',1,'',10,1),(53,'2016-10-20 09:04:28.873189','15','Dumbbell Bicep Curl',1,'',8,1),(54,'2016-10-20 09:04:50.674562','32','2016-09-14 Dumbbell Bicep Curl',1,'',10,1),(55,'2016-10-20 09:05:18.325523','6','2016-09-14',2,'Added cardio training \"Run Time: 0:04:14 Distance: 0.5mi\".',7,1),(56,'2016-10-20 09:06:26.768531','7','2016-09-20',1,'',7,1),(57,'2016-10-20 09:06:54.395419','33','2016-09-20 One Leg Press',1,'',10,1),(58,'2016-10-20 09:07:26.812893','34','2016-09-20 Dumbbell Bench Press',1,'',10,1),(59,'2016-10-20 09:07:51.215204','35','2016-09-20 Incline Dumbbell Bench Press',1,'',10,1),(60,'2016-10-20 09:08:14.288149','36','2016-09-20 Pullup',1,'',10,1),(61,'2016-10-20 09:08:53.622311','16','Seated Row',1,'',8,1),(62,'2016-10-20 09:09:49.366011','37','2016-09-20 Seated Row',1,'',10,1),(63,'2016-10-20 09:10:33.815488','8','2016-08-31',1,'',7,1),(64,'2016-10-20 09:11:28.606606','38','2016-08-31 Dumbbell Bench Press',1,'',10,1),(65,'2016-10-20 09:12:00.604205','15','Dumbbell Curl',2,'Changed name.',8,1),(66,'2016-10-20 09:12:33.278783','39','2016-08-31 Dumbbell Curl',1,'',10,1),(67,'2016-10-20 09:12:59.384683','40','2016-08-31 Seated Row',1,'',10,1),(68,'2016-10-20 09:13:16.844590','9','2016-09-06',1,'',7,1),(69,'2016-10-20 09:13:50.301125','41','2016-09-06 Barbell Preacher Curl',1,'',10,1),(70,'2016-10-20 09:14:08.228808','42','2016-09-06 Skullcrusher',1,'',10,1),(71,'2016-10-20 09:14:30.523355','43','2016-09-06 Dumbbell Curl',1,'',10,1),(72,'2016-10-20 09:14:55.647495','44','2016-09-06 Arnold Press',1,'',10,1),(73,'2016-10-20 09:15:27.681185','17','Dumbbell Preacher Curl',1,'',8,1),(74,'2016-10-20 09:15:49.120260','45','2016-09-06 Dumbbell Preacher Curl',1,'',10,1),(75,'2016-10-20 09:16:22.971093','46','2016-09-06 Standing Military Press',1,'',10,1),(76,'2016-10-20 09:19:26.950719','10','2016-09-12',1,'',7,1),(77,'2016-10-20 09:19:49.711680','10','2016-09-12',2,'Changed distance for cardio training \"Run Time: 0:14:35 Distance: 1.58mi\".',7,1),(78,'2016-10-20 09:22:04.023261','10','2016-09-12',2,'Changed distance for cardio training \"Run Time: 0:14:35 Distance: 1.58mi\".',7,1),(79,'2016-10-20 09:23:25.211404','47','2016-09-12 Dumbbell Bench Press',1,'',10,1),(80,'2016-10-20 09:23:52.703330','48','2016-09-12 Incline Dumbbell Bench Press',1,'',10,1),(81,'2016-10-20 09:24:33.615978','49','2016-09-12 Pullup',1,'',10,1),(82,'2016-10-20 09:25:07.664079','50','2016-09-12 Seated Row',1,'',10,1),(83,'2016-10-20 09:25:54.545239','51','2016-09-12 Machine Fly',1,'',10,1),(84,'2016-10-20 09:26:19.889258','18','Lat Pulldown',1,'',8,1),(85,'2016-10-20 09:26:44.749107','52','2016-09-12 Lat Pulldown',1,'',10,1),(86,'2016-10-20 09:27:03.537772','19','Bench Press',1,'',8,1),(87,'2016-10-20 09:27:19.104812','53','2016-09-12 Bench Press',1,'',10,1),(88,'2016-10-21 06:53:20.684426','11','2016-08-23',1,'',7,1),(89,'2016-10-21 06:56:21.456794','54','2016-08-23 Dumbbell Bench Press',1,'',10,1),(90,'2016-10-21 06:56:49.870439','55','2016-08-23 Incline Dumbbell Bench Press',1,'',10,1),(91,'2016-10-21 06:57:20.724121','56','2016-08-23 Pullup',1,'',10,1),(92,'2016-10-21 06:57:55.876561','57','2016-08-23 Seated Row',1,'',10,1),(93,'2016-10-21 06:59:41.327226','12','2016-09-04',1,'',7,1),(94,'2016-10-21 07:00:31.561714','58','2016-08-23 Dumbbell Bench Press',1,'',10,1),(95,'2016-10-21 07:00:55.913618','59','2016-09-04 Incline Dumbbell Bench Press',1,'',10,1),(96,'2016-10-21 07:02:03.908810','60','2016-09-04 Pullup',1,'',10,1),(97,'2016-10-21 07:02:37.287337','61','2016-09-04 Seated Row',1,'',10,1),(98,'2016-10-21 07:03:40.443619','2','Elliptical',1,'',9,1),(99,'2016-10-21 07:04:14.617889','13','2016-08-29',1,'',7,1),(100,'2016-10-21 07:04:53.767789','62','2016-08-29 Dumbbell Bench Press',1,'',10,1),(101,'2016-10-21 07:05:10.211243','63','2016-08-29 Incline Dumbbell Bench Press',1,'',10,1),(102,'2016-10-21 07:05:38.488358','64','2016-08-29 Pullup',1,'',10,1),(103,'2016-10-21 07:06:07.295328','65','2016-08-29 Seated Row',1,'',10,1),(104,'2016-10-21 07:06:39.925353','20','Machine Bench Press',1,'',8,1),(105,'2016-10-21 07:07:01.828516','66','2016-08-29 Machine Bench Press',1,'',10,1),(106,'2016-10-21 07:07:21.719757','67','2016-08-29 Bent Over Barbell Row',1,'',10,1),(107,'2016-10-21 07:08:19.617206','14','2016-08-24',1,'',7,1),(108,'2016-10-21 07:08:55.570600','68','2016-08-24 Barbell Preacher Curl',1,'',10,1),(109,'2016-10-21 07:09:06.368335','21','Crazy Triceps',1,'',8,1),(110,'2016-10-21 07:09:21.355551','69','2016-08-24 Crazy Triceps',1,'',10,1),(111,'2016-10-21 07:10:01.175802','70','2016-08-24 Dumbbell Curl',1,'',10,1),(112,'2016-10-21 07:10:22.922230','71','2016-08-24 Arnold Press',1,'',10,1),(113,'2016-10-21 07:10:55.603442','72','2016-08-24 Tricep Pushdown',1,'',10,1),(114,'2016-10-21 07:11:23.035350','73','2016-08-24 Cable Curl',1,'',10,1),(115,'2016-10-21 07:20:13.111694','15','2016-10-18',1,'',7,1),(116,'2016-10-21 07:20:39.984267','74','2016-10-18 Standing Military Press',1,'',10,1),(117,'2016-10-21 07:21:24.074277','75','2016-10-18 Barbell Preacher Curl',1,'',10,1),(118,'2016-10-21 07:21:51.149345','76','2016-10-18 Skullcrusher',1,'',10,1),(119,'2016-10-21 07:22:23.743084','77','2016-10-18 Dumbbell Curl',1,'',10,1),(120,'2016-10-21 07:22:50.969884','78','2016-10-18 Arnold Press',1,'',10,1),(121,'2016-10-25 06:48:29.659398','16','2016-10-21',1,'',7,1),(122,'2016-10-25 06:49:11.751114','79','2016-10-21 Dumbbell Bench Press',1,'',10,1),(123,'2016-10-25 06:49:53.089300','80','2016-10-21 Standing Military Press',1,'',10,1),(124,'2016-10-25 06:50:10.722724','22','Dumbbell Military Press',1,'',8,1),(125,'2016-10-25 06:50:32.613139','81','2016-10-21 Dumbbell Military Press',1,'',10,1),(126,'2016-10-25 06:51:11.078810','82','2016-10-21 Pullup',1,'',10,1),(127,'2016-10-25 06:51:51.944387','23','Rear Delt Raises',1,'',8,1),(128,'2016-10-25 06:52:14.063423','83','2016-10-21 Rear Delt Raises',1,'',10,1),(129,'2016-10-25 06:52:57.704342','23','Rear Delt Raise',2,'Changed name.',8,1),(130,'2016-10-25 06:53:09.892498','14','Barbell Military Press',2,'Changed name.',8,1),(131,'2016-10-25 06:53:34.877304','24','Front Raise',1,'',8,1),(132,'2016-10-25 06:53:53.942623','84','2016-10-21 Front Raise',1,'',10,1),(133,'2016-10-25 07:23:03.723711','17','2014-06-22',1,'',7,1),(134,'2016-10-25 07:23:52.710953','25','Barbell Crazy Triceps',1,'',8,1),(135,'2016-10-25 07:25:02.462484','85','2014-06-22 Barbell Crazy Triceps',1,'',10,1),(136,'2016-10-25 07:25:46.748698','86','2014-06-22 Barbell Preacher Curl',1,'',10,1),(137,'2016-10-25 07:26:28.650736','87','2014-06-22 Squat',1,'',10,1),(138,'2016-10-25 07:27:05.270123','26','Barbell Crazy 7s',1,'',8,1),(139,'2016-10-25 07:27:19.480082','88','2014-06-22 Barbell Crazy 7s',1,'',10,1),(140,'2016-10-25 07:29:02.836142','3','Swim',1,'',9,1),(141,'2016-10-25 07:35:46.383668','18','2014-07-15',1,'',7,1),(142,'2016-10-25 07:37:16.788523','27','Barbell Bench Press',1,'',8,1),(143,'2016-10-25 07:39:21.343729','89','2014-07-15 Barbell Bench Press',1,'',10,1),(144,'2016-10-25 07:42:03.781011','28','Machine Rows',1,'',8,1),(145,'2016-10-25 07:44:54.595850','90','2014-07-15 Machine Rows',1,'',10,1),(146,'2016-10-25 07:46:13.213939','29','Calf Machine',1,'',8,1),(147,'2016-10-25 07:47:36.191552','91','2014-07-15 Calf Machine',1,'',10,1),(148,'2016-10-25 07:51:35.773190','92','2014-07-15 Lat Pulldown',1,'',10,1),(149,'2016-10-25 07:52:20.650259','93','2014-07-15 Incline Dumbbell Bench Press',1,'',10,1),(150,'2016-10-25 07:57:05.867259','19','2014-07-05',1,'',7,1),(151,'2016-10-25 07:59:59.198920','94','2014-07-05 Barbell Preacher Curl',1,'',10,1),(152,'2016-10-25 08:01:43.412584','95','2014-07-05 Barbell Crazy Triceps',1,'',10,1),(153,'2016-10-25 08:03:42.498554','96','2014-07-05 Arnold Press',1,'',10,1),(154,'2016-10-25 08:04:06.994780','97','2014-07-05 Barbell Crazy 7s',1,'',10,1),(155,'2016-10-25 08:04:37.700003','98','2014-07-05 Squat',1,'',10,1),(156,'2016-10-25 08:05:21.948696','30','Calf Raise',1,'',8,1),(157,'2016-10-25 08:05:48.915407','99','2014-07-05 Calf Raise',1,'',10,1),(158,'2016-10-25 08:06:53.716939','100','2014-07-05 Tricep Pushdown',1,'',10,1),(159,'2016-10-25 08:18:17.953645','20','2016-07-19',1,'',7,1),(160,'2016-10-25 08:19:10.083272','101','2016-07-19 Barbell Preacher Curl',1,'',10,1),(161,'2016-10-25 08:19:45.301058','102','2016-07-19 Barbell Crazy Triceps',1,'',10,1),(162,'2016-10-25 08:21:11.657674','103','2016-07-19 Dumbbell Preacher Curl',1,'',10,1),(163,'2016-10-25 08:22:48.349322','104','2016-07-19 Arnold Press',1,'',10,1),(164,'2016-10-25 08:23:34.017841','105','2016-07-19 Tricep Pushdown',1,'',10,1),(165,'2016-10-25 08:24:01.718958','106','2016-07-19 Cable Curl',1,'',10,1),(166,'2016-10-25 08:24:49.367931','21','2014-07-23',1,'',7,1),(167,'2016-10-25 08:25:33.311041','107','2014-07-23 Dumbbell Bench Press',1,'',10,1),(168,'2016-10-25 08:26:01.289021','108','2014-07-23 Incline Dumbbell Bench Press',1,'',10,1),(169,'2016-10-25 08:27:59.608602','109','2014-07-23 Seated Row',1,'',10,1),(170,'2016-10-25 08:28:08.261276','31','Dips',1,'',8,1),(171,'2016-10-25 08:28:28.279475','110','2014-07-23 Dips',1,'',10,1),(172,'2016-10-25 08:28:56.748136','111','2014-07-23 Calf Raise',1,'',10,1),(173,'2016-10-25 08:29:07.071638','32','Dumbbell Fly',1,'',8,1),(174,'2016-10-25 08:29:41.317980','112','2014-07-23 Dumbbell Fly',1,'',10,1),(175,'2016-10-25 08:30:48.709898','4','Bike',1,'',9,1),(176,'2016-10-25 08:31:06.242657','22','2014-07-25',1,'',7,1),(177,'2016-10-25 08:35:41.432272','113','2014-07-25 Barbell Preacher Curl',1,'',10,1),(178,'2016-10-25 08:36:12.256199','114','2014-07-25 Barbell Crazy Triceps',1,'',10,1),(179,'2016-10-25 08:36:34.468569','115','2014-07-25 Arnold Press',1,'',10,1),(180,'2016-10-25 08:37:31.140549','116','2014-07-25 Dumbbell Preacher Curl',1,'',10,1),(181,'2016-10-25 08:39:15.503178','117','2014-07-25 Tricep Pushdown',1,'',10,1),(182,'2016-10-25 08:40:05.342066','118','2014-07-25 Front Raise',1,'',10,1),(183,'2016-10-25 08:42:08.974770','23','2014-07-28',1,'',7,1),(184,'2016-10-25 08:43:14.193072','119','2014-07-28 Dumbbell Bench Press',1,'',10,1),(185,'2016-10-25 08:43:48.039271','120','2014-07-28 Incline Dumbbell Bench Press',1,'',10,1),(186,'2016-10-25 08:44:27.542328','24','2014-07-31',1,'',7,1),(187,'2016-10-25 08:45:17.249945','121','2014-07-31 Dumbbell Bench Press',1,'',10,1),(188,'2016-10-25 08:45:39.441801','122','2014-07-31 Incline Dumbbell Bench Press',1,'',10,1),(189,'2016-10-25 08:46:17.353596','123','2014-07-31 Seated Row',1,'',10,1),(190,'2016-10-25 08:46:48.851833','124','2014-07-31 Dumbbell Fly',1,'',10,1),(191,'2016-10-25 08:47:20.583977','125','2014-07-31 Squat',1,'',10,1),(192,'2016-10-25 08:48:22.603392','33','Dumbbell Rows',1,'',8,1),(193,'2016-10-25 08:48:53.690629','126','2014-07-31 Dumbbell Rows',1,'',10,1),(194,'2016-10-25 08:49:21.373810','127','2014-07-31 Calf Raise',1,'',10,1),(195,'2016-10-25 08:49:44.815318','128','2014-07-31 Dips',1,'',10,1),(196,'2016-10-25 08:51:00.675617','25','2014-08-25',1,'',7,1),(197,'2016-10-25 08:52:08.744235','129','2014-08-25 Dumbbell Bench Press',1,'',10,1),(198,'2016-10-25 08:52:45.090460','130','2014-08-25 Incline Dumbbell Bench Press',1,'',10,1),(199,'2016-10-25 08:53:45.323541','131','2014-08-25 Seated Row',1,'',10,1),(200,'2016-10-25 08:54:19.860500','132','2014-08-25 Dumbbell Fly',1,'',10,1),(201,'2016-10-25 08:54:40.789929','133','2014-08-25 Pullup',1,'',10,1),(202,'2016-10-25 08:55:16.851588','134','2014-08-25 Dips',1,'',10,1),(203,'2016-10-25 08:58:25.335115','26','2014-08-26',1,'',7,1),(204,'2016-10-25 08:59:35.724907','135','2014-08-26 Barbell Preacher Curl',1,'',10,1),(205,'2016-10-25 08:59:57.845865','136','2014-08-26 Barbell Crazy Triceps',1,'',10,1),(206,'2016-10-25 09:00:30.570372','137','2014-08-26 Dumbbell Preacher Curl',1,'',10,1),(207,'2016-10-25 09:01:03.359255','138','2014-08-26 Arnold Press',1,'',10,1),(208,'2016-10-25 09:01:48.770912','139','2014-08-26 Tricep Pushdown',1,'',10,1),(209,'2016-10-25 09:02:22.707201','140','2014-08-26 Cable Curl',1,'',10,1),(210,'2016-10-25 09:02:58.981417','141','2014-08-26 Calf Raise',1,'',10,1),(211,'2016-10-25 09:03:40.771850','142','2014-08-26 Barbell Crazy 7s',1,'',10,1),(212,'2016-10-25 09:05:44.095383','27','2014-09-03',1,'',7,1),(213,'2016-10-25 09:07:06.004558','143','2014-09-03 Dumbbell Bench Press',1,'',10,1),(214,'2016-10-25 09:07:37.124419','144','2014-09-03 Incline Dumbbell Bench Press',1,'',10,1),(215,'2016-10-25 09:08:10.302797','145','2014-09-03 Seated Row',1,'',10,1),(216,'2016-10-25 09:08:45.527437','146','2014-09-03 Squat',1,'',10,1),(217,'2016-10-25 09:09:38.045114','147','2014-09-03 Barbell Bench Press',1,'',10,1),(218,'2016-10-25 09:10:05.368847','148','2014-09-03 Dumbbell Fly',1,'',10,1),(219,'2016-10-25 09:10:20.204041','34','Shrugs',1,'',8,1),(220,'2016-10-25 09:10:35.772892','149','2014-09-03 Shrugs',1,'',10,1),(221,'2016-10-25 09:12:19.556710','28','2014-08-11',1,'',7,1),(222,'2016-10-25 09:13:00.358975','150','2014-08-11 Dumbbell Bench Press',1,'',10,1),(223,'2016-10-25 09:13:33.449179','151','2014-08-11 Incline Dumbbell Bench Press',1,'',10,1),(224,'2016-10-25 09:14:17.571649','152','2014-08-11 Seated Row',1,'',10,1),(225,'2016-10-25 09:15:31.143892','153','2014-08-11 Dumbbell Fly',1,'',10,1),(226,'2016-10-25 09:19:17.770695','154','2014-08-11 Seated Row',1,'',10,1),(227,'2016-10-25 09:19:54.559265','155','2014-08-11 Pullup',1,'',10,1),(228,'2016-10-25 09:20:16.834451','156','2014-08-11 Dips',1,'',10,1),(229,'2016-10-25 09:21:01.340192','29','2014-08-01',1,'',7,1),(230,'2016-10-25 09:22:04.133944','157','2014-08-01 Barbell Preacher Curl',1,'',10,1),(231,'2016-10-25 09:22:24.217713','158','2014-08-01 Barbell Crazy Triceps',1,'',10,1),(232,'2016-10-25 09:23:21.844721','159','2014-08-01 Dumbbell Preacher Curl',1,'',10,1),(233,'2016-10-25 09:23:48.763786','160','2014-08-01 Arnold Press',1,'',10,1),(234,'2016-10-25 09:25:07.325417','161','2014-08-01 Tricep Pushdown',1,'',10,1),(235,'2016-10-25 09:26:27.385471','30','2014-09-16',1,'',7,1),(236,'2016-10-25 09:27:16.692117','162','2014-09-16 Barbell Preacher Curl',1,'',10,1),(237,'2016-10-25 09:28:20.188675','163','2014-09-16 Barbell Crazy 7s',1,'',10,1),(238,'2016-10-25 09:28:42.397633','164','2014-09-16 Arnold Press',1,'',10,1),(239,'2016-10-25 09:29:10.366437','165','2014-09-16 Tricep Pushdown',1,'',10,1),(240,'2016-10-25 09:29:40.879373','166','2014-09-16 Cable Curl',1,'',10,1),(241,'2016-10-25 09:30:08.940025','31','2014-09-29',1,'',7,1),(242,'2016-10-25 09:30:34.817076','167','2014-09-29 Dumbbell Bench Press',1,'',10,1),(243,'2016-10-25 09:30:54.739924','168','2014-09-29 Incline Dumbbell Bench Press',1,'',10,1),(244,'2016-10-25 09:31:47.953908','169','2014-09-29 Seated Row',1,'',10,1),(245,'2016-10-25 09:32:18.239440','170','2014-09-29 Pullup',1,'',10,1),(246,'2016-10-25 09:32:38.847129','171','2014-09-29 Dips',1,'',10,1),(247,'2016-10-25 09:33:48.977807','172','2014-09-29 Barbell Bench Press',1,'',10,1),(248,'2016-10-25 09:34:21.354568','35','Cable Fly',1,'',8,1),(249,'2016-10-25 09:34:46.987164','173','2014-09-29 Cable Fly',1,'',10,1),(250,'2016-10-25 09:35:15.594206','32','2015-10-27',1,'',7,1),(251,'2016-10-25 09:36:29.067983','174','2015-10-27 Barbell Preacher Curl',1,'',10,1),(252,'2016-10-25 09:37:24.553165','175','2015-10-27 Barbell Crazy Triceps',1,'',10,1),(253,'2016-10-25 09:38:02.878225','176','2015-10-27 Arnold Press',1,'',10,1),(254,'2016-10-25 09:38:19.462838','177','2015-10-27 Squat',1,'',10,1),(255,'2016-10-25 09:40:31.654374','33','2015-10-28',1,'',7,1),(256,'2016-10-25 09:41:21.138635','178','2015-10-28 Dumbbell Bench Press',1,'',10,1),(257,'2016-10-25 09:42:03.075754','179','2015-10-28 Incline Dumbbell Bench Press',1,'',10,1),(258,'2016-10-25 09:44:08.980959','180','2015-10-28 Seated Row',1,'',10,1),(259,'2016-10-25 09:44:38.441371','181','2015-10-28 Pullup',1,'',10,1),(260,'2016-10-25 09:45:15.574750','34','2015-11-03',1,'',7,1),(261,'2016-10-25 09:45:52.562204','182','2015-11-03 Dumbbell Bench Press',1,'',10,1),(262,'2016-10-25 09:46:41.905070','183','2015-11-03 Incline Dumbbell Bench Press',1,'',10,1),(263,'2016-10-25 09:47:11.934385','184','2015-11-03 Pullup',1,'',10,1),(264,'2016-10-25 09:47:50.204519','185','2015-11-03 Dips',1,'',10,1),(265,'2016-10-25 09:49:01.408527','186','2015-11-03 Seated Row',1,'',10,1),(266,'2016-10-25 09:49:47.888579','35','2015-11-05',1,'',7,1),(267,'2016-10-25 09:51:22.984340','187','2015-11-05 Barbell Preacher Curl',1,'',10,1),(268,'2016-10-25 09:51:53.281614','188','2015-11-05 Barbell Crazy Triceps',1,'',10,1),(269,'2016-10-25 09:52:47.552988','189','2015-11-05 Dumbbell Curl',1,'',10,1),(270,'2016-10-25 09:53:28.478137','190','2015-11-05 Arnold Press',1,'',10,1),(271,'2016-10-25 09:54:18.987935','36','Rotary Calf',1,'',8,1),(272,'2016-10-25 09:54:46.311670','191','2015-11-05 Rotary Calf',1,'',10,1),(273,'2016-10-25 09:55:32.649285','192','2015-11-05 Tricep Pushdown',1,'',10,1),(274,'2016-10-25 10:38:42.493142','36','2015-11-10',1,'',7,1),(275,'2016-10-26 05:56:52.590361','193','2015-11-10 Dumbbell Bench Press',1,'',10,1),(276,'2016-10-26 05:57:20.915336','194','2015-11-10 Incline Dumbbell Bench Press',1,'',10,1),(277,'2016-10-26 05:57:55.466497','195','2015-11-10 Pullup',1,'',10,1),(278,'2016-10-26 05:58:25.507933','196','2015-11-10 Dips',1,'',10,1),(279,'2016-10-26 05:58:44.293924','197','2015-11-10 Squat',1,'',10,1),(280,'2016-10-26 05:59:49.555185','37','2016-10-25',1,'',7,1),(281,'2016-10-26 06:00:12.120820','198','2016-10-25 Dumbbell Bench Press',1,'',10,1),(282,'2016-10-26 06:00:37.409091','199','2016-10-25 Incline Dumbbell Bench Press',1,'',10,1),(283,'2016-10-26 06:01:05.877294','200','2016-10-25 Pullup',1,'',10,1),(284,'2016-10-26 06:01:24.484088','201','2016-10-25 Seated Row',1,'',10,1),(285,'2016-10-26 06:01:43.968264','202','2016-10-25 Squat',1,'',10,1),(286,'2016-10-26 06:02:31.111336','38','2015-11-14',1,'',7,1),(287,'2016-10-26 06:02:59.842052','203','2015-11-14 Barbell Preacher Curl',1,'',10,1),(288,'2016-10-26 06:03:30.805071','204','2015-11-14 Crazy Triceps',1,'',10,1),(289,'2016-10-26 06:03:54.521852','205','2015-11-14 Arnold Press',1,'',10,1),(290,'2016-10-26 06:04:17.118552','206','2015-11-14 Tricep Pushdown',1,'',10,1),(291,'2016-10-26 06:04:42.635713','207','2015-11-14 Cable Curl',1,'',10,1),(292,'2016-10-26 06:05:07.183190','39','2015-11-17',1,'',7,1),(293,'2016-10-26 06:05:32.107414','208','2015-11-17 Dumbbell Bench Press',1,'',10,1),(294,'2016-10-26 06:05:49.988524','209','2015-11-17 Pullup',1,'',10,1),(295,'2016-10-26 06:06:21.993411','210','2015-11-17 Dips',1,'',10,1),(296,'2016-10-26 06:06:54.669582','211','2015-11-17 Seated Row',1,'',10,1),(297,'2016-10-26 06:07:03.778610','37','Leg Press',1,'',8,1),(298,'2016-10-26 06:07:26.589285','212','2015-11-17 Leg Press',1,'',10,1),(299,'2016-10-26 06:07:51.214206','40','2015-11-19',1,'',7,1),(300,'2016-10-26 06:08:49.727564','213','2015-11-19 Barbell Crazy Triceps',1,'',10,1),(301,'2016-10-26 06:09:24.268998','214','2015-11-19 Dumbbell Preacher Curl',1,'',10,1),(302,'2016-10-26 06:09:58.506556','215','2015-11-19 Arnold Press',1,'',10,1),(303,'2016-10-26 06:10:19.449909','216','2015-11-19 Barbell Preacher Curl',1,'',10,1),(304,'2016-10-26 06:10:38.746216','217','2015-11-19 Tricep Pushdown',1,'',10,1),(305,'2016-10-26 06:11:12.440308','218','2015-11-19 Cable Curl',1,'',10,1),(306,'2016-10-27 04:43:54.422546','41','2016-05-02',1,'',7,1),(307,'2016-10-27 04:44:53.015013','219','2016-05-02 One Leg Press',1,'',10,1),(308,'2016-10-27 05:12:28.591472','38','Hip Abduction',1,'',8,1),(309,'2016-10-27 05:12:37.300843','220','2016-05-02 Hip Abduction',1,'',10,1),(310,'2016-10-27 05:12:55.108666','39','Hip Adduction',1,'',8,1),(311,'2016-10-27 05:13:24.145099','221','2016-05-02 Hip Adduction',1,'',10,1),(312,'2016-10-27 05:14:05.428090','222','2016-05-02 Barbell Preacher Curl',1,'',10,1),(313,'2016-10-27 05:14:33.237376','223','2016-05-02 Crazy Triceps',1,'',10,1),(314,'2016-10-27 05:15:00.302433','224','2016-05-02 Arnold Press',1,'',10,1),(315,'2016-10-27 05:15:49.709714','225','2016-05-02 Tricep Pushdown',1,'',10,1),(316,'2016-10-27 05:16:32.251442','226','2016-05-02 Cable Curl',1,'',10,1),(317,'2016-10-27 05:17:13.296913','42','2016-06-01',1,'',7,1),(318,'2016-10-27 05:17:31.203375','227','2016-06-01 One Leg Press',1,'',10,1),(319,'2016-10-27 05:18:30.747170','228','2016-06-01 Dumbbell Bench Press',1,'',10,1),(320,'2016-10-27 05:19:21.150289','229','2016-06-01 Incline Dumbbell Bench Press',1,'',10,1),(321,'2016-10-27 05:20:01.783664','230','2016-06-01 Seated Row',1,'',10,1),(322,'2016-10-27 05:20:24.646825','43','2016-07-13',1,'',7,1),(323,'2016-10-27 05:21:14.212704','231','2016-07-13 Dumbbell Bench Press',1,'',10,1),(324,'2016-10-27 05:21:48.832365','232','2016-07-13 Incline Dumbbell Bench Press',1,'',10,1),(325,'2016-10-27 05:36:55.713837','233','2016-07-13 Seated Row',1,'',10,1),(326,'2016-10-27 05:38:01.208781','234','2016-07-13 Machine Bench Press',1,'',10,1),(327,'2016-10-27 06:16:19.794252','44','2016-07-14',1,'',7,1),(328,'2016-10-27 06:16:39.052617','235','2016-07-14 Barbell Preacher Curl',1,'',10,1),(329,'2016-10-27 06:17:02.567876','236','2016-07-14 Crazy Triceps',1,'',10,1),(330,'2016-10-27 06:17:46.220315','237','2016-07-14 Dumbbell Preacher Curl',1,'',10,1),(331,'2016-10-27 06:19:12.943182','238','2016-07-14 Arnold Press',1,'',10,1),(332,'2016-10-27 06:19:44.073131','239','2016-07-14 Tricep Pushdown',1,'',10,1),(333,'2016-10-27 06:20:09.945739','240','2016-07-14 Cable Curl',1,'',10,1),(334,'2016-10-27 07:16:04.996628','241','2016-07-14 Barbell Military Press',1,'',10,1),(335,'2016-10-27 07:16:56.645165','45','2016-07-17',1,'',7,1),(336,'2016-10-27 07:18:10.154817','242','2016-07-17 Dumbbell Bench Press',1,'',10,1),(337,'2016-10-27 07:18:38.844900','243','2016-07-17 Incline Dumbbell Bench Press',1,'',10,1),(338,'2016-10-27 07:19:09.657175','244','2016-07-17 Seated Row',1,'',10,1),(339,'2016-10-27 07:19:50.448482','245','2016-07-17 Pullup',1,'',10,1),(340,'2016-10-27 07:20:27.078863','46','2016-07-26',1,'',7,1),(341,'2016-10-27 07:20:43.671238','246','2016-07-26 One Leg Press',1,'',10,1),(342,'2016-10-27 07:21:06.660826','247','2016-07-26 Dumbbell Bench Press',1,'',10,1),(343,'2016-10-27 07:21:29.737977','248','2016-07-26 Incline Dumbbell Bench Press',1,'',10,1),(344,'2016-10-27 07:22:03.872792','249','2016-07-26 Pullup',1,'',10,1),(345,'2016-10-27 07:22:31.913043','250','2016-07-26 Seated Row',1,'',10,1),(346,'2016-10-27 07:22:54.582631','47','2016-07-28',1,'',7,1),(347,'2016-10-27 07:23:09.143665','251','2016-07-28 Barbell Preacher Curl',1,'',10,1),(348,'2016-10-27 07:24:01.989702','252','2016-07-28 Arnold Press',1,'',10,1),(349,'2016-10-27 07:24:34.298811','253','2016-07-28 Dumbbell Preacher Curl',1,'',10,1),(350,'2016-10-27 07:25:19.244419','254','2016-07-28 Tricep Pushdown',1,'',10,1),(351,'2016-10-27 07:25:48.455651','255','2016-07-28 Cable Curl',1,'',10,1),(352,'2016-10-27 07:26:16.839313','48','2016-07-31',1,'',7,1),(353,'2016-10-27 07:30:17.700609','256','2016-07-31 One Leg Press',1,'',10,1),(354,'2016-10-27 07:30:46.458379','257','2016-07-31 Dumbbell Bench Press',1,'',10,1),(355,'2016-10-27 07:31:07.965864','258','2016-07-31 Incline Dumbbell Bench Press',1,'',10,1),(356,'2016-10-27 07:31:42.094485','259','2016-07-31 Pullup',1,'',10,1),(357,'2016-10-27 07:32:03.711312','260','2016-07-31 Seated Row',1,'',10,1),(358,'2016-10-27 07:32:36.506005','261','2016-07-31 Dumbbell Fly',1,'',10,1),(359,'2016-10-27 07:37:00.319697','49','2016-08-02',1,'',7,1),(360,'2016-10-27 07:37:21.473146','262','2016-08-02 Barbell Preacher Curl',1,'',10,1),(361,'2016-10-27 07:37:38.668601','263','2016-08-02 Crazy Triceps',1,'',10,1),(362,'2016-10-27 07:38:12.046704','264','2016-08-02 Dumbbell Bench Press',1,'',10,1),(363,'2016-10-27 07:38:44.990950','265','2016-08-02 Arnold Press',1,'',10,1),(364,'2016-10-27 07:39:15.640552','266','2016-08-02 Tricep Pushdown',1,'',10,1),(365,'2016-10-27 07:39:36.839991','267','2016-08-02 Cable Curl',1,'',10,1),(366,'2016-10-27 07:49:30.525709','50','2016-08-08',1,'',7,1),(367,'2016-10-27 07:49:52.331127','268','2016-08-08 Barbell Preacher Curl',1,'',10,1),(368,'2016-10-27 07:50:06.224915','269','2016-08-08 Crazy Triceps',1,'',10,1),(369,'2016-10-27 07:50:28.573166','270','2016-08-08 Dumbbell Preacher Curl',1,'',10,1),(370,'2016-10-27 07:51:07.510013','271','2016-08-08 Arnold Press',1,'',10,1),(371,'2016-10-27 07:51:25.234952','272','2016-08-08 Dips',1,'',10,1),(372,'2016-10-27 07:52:09.796250','51','2016-08-06',1,'',7,1),(373,'2016-10-27 07:52:37.058431','273','2016-08-06 Dumbbell Bench Press',1,'',10,1),(374,'2016-10-27 07:52:58.663500','274','2016-08-06 Incline Dumbbell Bench Press',1,'',10,1),(375,'2016-10-27 07:53:20.165129','275','2016-08-06 Pullup',1,'',10,1),(376,'2016-10-27 07:53:43.835516','276','2016-08-06 One Leg Press',1,'',10,1),(377,'2016-10-27 07:54:04.362526','277','2016-08-06 Seated Row',1,'',10,1),(378,'2016-10-27 07:54:32.526815','52','2016-08-11',1,'',7,1),(379,'2016-10-27 07:55:03.153407','278','2016-08-11 Dumbbell Bench Press',1,'',10,1),(380,'2016-10-27 07:55:21.661872','279','2016-08-11 Incline Dumbbell Bench Press',1,'',10,1),(381,'2016-10-27 07:55:43.581607','280','2016-08-11 Pullup',1,'',10,1),(382,'2016-10-27 07:55:58.087709','281','2016-08-11 One Leg Press',1,'',10,1),(383,'2016-10-27 07:56:24.222660','282','2016-08-11 Seated Row',1,'',10,1),(384,'2016-10-27 08:11:23.536567','53','2016-08-16',1,'',7,1),(385,'2016-10-27 08:11:47.989254','283','2016-08-16 Barbell Preacher Curl',1,'',10,1),(386,'2016-10-27 08:12:10.069531','284','2016-08-16 Crazy Triceps',1,'',10,1),(387,'2016-10-27 08:12:28.579886','285','2016-08-16 Dumbbell Curl',1,'',10,1),(388,'2016-10-27 08:13:01.602807','286','2016-08-16 Arnold Press',1,'',10,1),(389,'2016-10-27 08:13:45.567499','287','2016-08-16 Tricep Pushdown',1,'',10,1),(390,'2016-10-27 08:14:16.052024','288','2016-08-16 Cable Curl',1,'',10,1),(391,'2016-10-27 08:14:55.037584','54','2016-10-20',1,'',7,1),(392,'2016-10-27 08:15:27.708043','289','2016-10-20 Dumbbell Bench Press',1,'',10,1),(393,'2016-10-27 08:15:50.162731','290','2016-10-20 Incline Dumbbell Bench Press',1,'',10,1),(394,'2016-10-27 08:16:20.206689','291','2016-10-20 Seated Row',1,'',10,1),(395,'2016-10-27 08:16:40.903373','292','2016-10-20 Leg Press',1,'',10,1);
/*!40000 ALTER TABLE `django_admin_log` ENABLE KEYS */;
UNLOCK TABLES;

--
-- Table structure for table `django_content_type`
--

DROP TABLE IF EXISTS `django_content_type`;
/*!40101 SET @saved_cs_client     = @@character_set_client */;
/*!40101 SET character_set_client = utf8 */;
CREATE TABLE `django_content_type` (
  `id` int(11) NOT NULL AUTO_INCREMENT,
  `app_label` varchar(100) NOT NULL,
  `model` varchar(100) NOT NULL,
  PRIMARY KEY (`id`),
  UNIQUE KEY `django_content_type_app_label_45f3b1d93ec8c61c_uniq` (`app_label`,`model`)
) ENGINE=InnoDB AUTO_INCREMENT=13 DEFAULT CHARSET=latin1;
/*!40101 SET character_set_client = @saved_cs_client */;

--
-- Dumping data for table `django_content_type`
--

LOCK TABLES `django_content_type` WRITE;
/*!40000 ALTER TABLE `django_content_type` DISABLE KEYS */;
INSERT INTO `django_content_type` VALUES (1,'admin','logentry'),(3,'auth','group'),(2,'auth','permission'),(4,'auth','user'),(9,'bodybuilding','cardioexercise'),(12,'bodybuilding','cardiotraining'),(11,'bodybuilding','set'),(8,'bodybuilding','weightexercise'),(10,'bodybuilding','weighttraining'),(7,'bodybuilding','workoutsession'),(5,'contenttypes','contenttype'),(6,'sessions','session');
/*!40000 ALTER TABLE `django_content_type` ENABLE KEYS */;
UNLOCK TABLES;

--
-- Table structure for table `django_migrations`
--

DROP TABLE IF EXISTS `django_migrations`;
/*!40101 SET @saved_cs_client     = @@character_set_client */;
/*!40101 SET character_set_client = utf8 */;
CREATE TABLE `django_migrations` (
  `id` int(11) NOT NULL AUTO_INCREMENT,
  `app` varchar(255) NOT NULL,
  `name` varchar(255) NOT NULL,
  `applied` datetime(6) NOT NULL,
  PRIMARY KEY (`id`)
) ENGINE=InnoDB AUTO_INCREMENT=15 DEFAULT CHARSET=latin1;
/*!40101 SET character_set_client = @saved_cs_client */;

--
-- Dumping data for table `django_migrations`
--

LOCK TABLES `django_migrations` WRITE;
/*!40000 ALTER TABLE `django_migrations` DISABLE KEYS */;
INSERT INTO `django_migrations` VALUES (1,'contenttypes','0001_initial','2016-10-20 06:53:15.528370'),(2,'auth','0001_initial','2016-10-20 06:53:17.175603'),(3,'admin','0001_initial','2016-10-20 06:53:17.548983'),(4,'contenttypes','0002_remove_content_type_name','2016-10-20 06:53:17.792056'),(5,'auth','0002_alter_permission_name_max_length','2016-10-20 06:53:17.831063'),(6,'auth','0003_alter_user_email_max_length','2016-10-20 06:53:17.889590'),(7,'auth','0004_alter_user_username_opts','2016-10-20 06:53:17.935880'),(8,'auth','0005_alter_user_last_login_null','2016-10-20 06:53:18.069641'),(9,'auth','0006_require_contenttypes_0002','2016-10-20 06:53:18.077337'),(10,'bodybuilding','0001_initial','2016-10-20 06:53:19.789756'),(11,'bodybuilding','0002_auto_20161020_0653','2016-10-20 06:53:19.901048'),(12,'sessions','0001_initial','2016-10-20 06:53:20.029066'),(13,'bodybuilding','0003_auto_20161020_0921','2016-10-20 09:21:53.759170'),(14,'bodybuilding','0004_auto_20161025_0734','2016-10-25 07:34:10.895758');
/*!40000 ALTER TABLE `django_migrations` ENABLE KEYS */;
UNLOCK TABLES;

--
-- Table structure for table `django_session`
--

DROP TABLE IF EXISTS `django_session`;
/*!40101 SET @saved_cs_client     = @@character_set_client */;
/*!40101 SET character_set_client = utf8 */;
CREATE TABLE `django_session` (
  `session_key` varchar(40) NOT NULL,
  `session_data` longtext NOT NULL,
  `expire_date` datetime(6) NOT NULL,
  PRIMARY KEY (`session_key`),
  KEY `django_session_de54fa62` (`expire_date`)
) ENGINE=InnoDB DEFAULT CHARSET=latin1;
/*!40101 SET character_set_client = @saved_cs_client */;

--
-- Dumping data for table `django_session`
--

LOCK TABLES `django_session` WRITE;
/*!40000 ALTER TABLE `django_session` DISABLE KEYS */;
INSERT INTO `django_session` VALUES ('zwcuaizsbvnd1t9m6kxfw9utyhcf7xo5','ZmRhMjc0NTJhZmExOTU2ZjY2NDU3NmJjMzRkNDdhMDA0ZGMyNzZiNjp7Il9hdXRoX3VzZXJfaGFzaCI6IjJhZTBmZWMzMDQ2MTFhN2ZhOTU4YjAxMWM3YzZlZGVkYzFiY2FjY2QiLCJfYXV0aF91c2VyX2JhY2tlbmQiOiJkamFuZ28uY29udHJpYi5hdXRoLmJhY2tlbmRzLk1vZGVsQmFja2VuZCIsIl9hdXRoX3VzZXJfaWQiOiIxIn0=','2016-11-03 06:53:43.339833');
/*!40000 ALTER TABLE `django_session` ENABLE KEYS */;
UNLOCK TABLES;
/*!40103 SET TIME_ZONE=@OLD_TIME_ZONE */;

/*!40101 SET SQL_MODE=@OLD_SQL_MODE */;
/*!40014 SET FOREIGN_KEY_CHECKS=@OLD_FOREIGN_KEY_CHECKS */;
/*!40014 SET UNIQUE_CHECKS=@OLD_UNIQUE_CHECKS */;
/*!40101 SET CHARACTER_SET_CLIENT=@OLD_CHARACTER_SET_CLIENT */;
/*!40101 SET CHARACTER_SET_RESULTS=@OLD_CHARACTER_SET_RESULTS */;
/*!40101 SET COLLATION_CONNECTION=@OLD_COLLATION_CONNECTION */;
/*!40111 SET SQL_NOTES=@OLD_SQL_NOTES */;

-- Dump completed on 2016-10-27  1:54:02
